title,artist,top genre,followers,artist_popularity,year,tempo,energy,danceability,loudness,liveness,valence,duration,acousticness,speechiness,track_popularity
"Hey, Soul Sister",Train,POP,3.618665,78.0,2010,97.0,89.0,67.0,-4.0,8.0,80.0,217.0,19.0,4.0,83
Love The Way You Lie,Eminem,HIPHOP,42.79582,95.0,2010,87.0,93.0,75.0,-5.0,52.0,64.0,263.0,24.0,23.0,82
TiK ToK,Kesha,POP,6.235482,82.0,2010,120.0,84.0,76.0,-3.0,29.0,71.0,200.0,10.0,14.0,80
Bad Romance,Lady Gaga,POP,16.716518,90.0,2010,119.0,92.0,70.0,-4.0,8.0,71.0,295.0,0.0,4.0,79
Just the Way You Are,Bruno Mars,POP,29.381078999999996,93.0,2010,109.0,84.0,64.0,-5.0,9.0,43.0,221.0,2.0,4.0,78
Baby,Justin Bieber,POP,43.755452000000005,98.0,2010,65.0,86.0,73.0,-5.0,11.0,54.0,214.0,4.0,14.0,77
Dynamite,Taio Cruz,POP,1.899663,75.0,2010,120.0,78.0,75.0,-4.0,4.0,82.0,203.0,0.0,9.0,77
Secrets,OneRepublic,POP,11.507962,85.0,2010,148.0,76.0,52.0,-6.0,12.0,38.0,225.0,7.0,4.0,77
Empire State of Mind (Part II) Broken Down,Alicia Keys,HIPHOP,8.491202000000001,83.0,2010,93.0,37.0,48.0,-8.0,12.0,14.0,216.0,74.0,3.0,76
Only Girl (In The World),Rihanna,POP,41.858636,93.0,2010,126.0,72.0,79.0,-4.0,7.0,61.0,235.0,13.0,4.0,73
Club Can't Handle Me (feat. David Guetta),Flo Rida,POP,7.995771,83.0,2010,128.0,87.0,62.0,-4.0,6.0,47.0,235.0,3.0,3.0,73
Marry You,Bruno Mars,POP,29.381078999999996,93.0,2010,145.0,83.0,62.0,-5.0,10.0,48.0,230.0,33.0,4.0,73
Cooler Than Me - Single Mix,Mike Posner,POP,1.123621,76.0,2010,130.0,82.0,77.0,-5.0,70.0,63.0,213.0,18.0,5.0,73
Telephone,Lady Gaga,POP,16.716518,90.0,2010,122.0,83.0,83.0,-6.0,11.0,71.0,221.0,1.0,4.0,73
Like A G6,Far East Movement,POP,1.019001,71.0,2010,125.0,84.0,44.0,-8.0,12.0,78.0,217.0,1.0,45.0,72
OMG (feat. will.i.am),Usher,HIPHOP,8.554807,85.0,2010,130.0,75.0,78.0,-6.0,36.0,33.0,269.0,20.0,3.0,72
Eenie Meenie,Sean Kingston,POP,2.0445740000000003,76.0,2010,121.0,61.0,72.0,-4.0,11.0,83.0,202.0,5.0,3.0,71
The Time (Dirty Bit),The Black Eyed Peas,POP,,,2010,128.0,81.0,82.0,-8.0,60.0,44.0,308.0,7.0,7.0,70
Alejandro,Lady Gaga,POP,16.716518,90.0,2010,99.0,80.0,63.0,-7.0,36.0,37.0,274.0,0.0,5.0,69
Your Love Is My Drug,Kesha,POP,6.235482,82.0,2010,120.0,61.0,83.0,-4.0,9.0,76.0,187.0,1.0,10.0,69
Meet Me Halfway,The Black Eyed Peas,POP,,,2010,130.0,63.0,80.0,-7.0,32.0,40.0,284.0,0.0,7.0,68
Whataya Want from Me,Adam Lambert,POP,1.176878,68.0,2010,186.0,68.0,44.0,-5.0,6.0,45.0,227.0,1.0,5.0,66
Take It Off,Kesha,POP,6.235482,82.0,2010,125.0,68.0,73.0,-5.0,9.0,74.0,215.0,0.0,3.0,66
Misery,Maroon 5,POP,29.955690999999998,91.0,2010,103.0,81.0,70.0,-5.0,22.0,73.0,216.0,0.0,4.0,65
All The Right Moves,OneRepublic,POP,11.507962,85.0,2010,146.0,95.0,53.0,-4.0,28.0,65.0,238.0,26.0,5.0,65
Animal,Neon Trees,POP,1.006162,73.0,2010,148.0,83.0,48.0,-6.0,38.0,74.0,212.0,0.0,4.0,65
Naturally,Selena Gomez & The Scene,POP,6.3215,72.0,2010,133.0,90.0,61.0,-5.0,5.0,88.0,203.0,2.0,5.0,64
I Like It,Enrique Iglesias,POP,9.980979,81.0,2010,129.0,94.0,65.0,-3.0,6.0,73.0,231.0,2.0,9.0,63
Teenage Dream,Katy Perry,POP,17.821796,88.0,2010,120.0,80.0,72.0,-5.0,13.0,59.0,228.0,2.0,4.0,63
California Gurls,Katy Perry,POP,17.821796,88.0,2010,125.0,75.0,79.0,-4.0,18.0,40.0,235.0,0.0,5.0,62
3,Britney Spears,POP,8.732805,85.0,2010,135.0,71.0,70.0,-2.0,14.0,79.0,213.0,5.0,5.0,62
My First Kiss - feat. Ke$ha,3OH!3,POP,0.739929,70.0,2010,138.0,89.0,68.0,-4.0,36.0,83.0,192.0,1.0,8.0,62
Blah Blah Blah (feat. 3OH!3),Kesha,POP,6.235482,82.0,2010,120.0,84.0,75.0,-3.0,42.0,52.0,172.0,8.0,12.0,62
Imma Be,The Black Eyed Peas,POP,,,2010,92.0,52.0,60.0,-7.0,31.0,41.0,258.0,18.0,37.0,62
Try Sleeping with a Broken Heart,Alicia Keys,HIPHOP,8.491202000000001,83.0,2010,111.0,82.0,50.0,-5.0,13.0,55.0,249.0,16.0,11.0,62
Sexy Bitch (feat. Akon),David Guetta,POP,22.306494,91.0,2010,130.0,63.0,81.0,-5.0,13.0,80.0,196.0,8.0,5.0,61
Bound To You - Burlesque Original Motion Picture Soundtrack,Christina Aguilera,POP,5.976217,83.0,2010,164.0,41.0,29.0,-5.0,13.0,7.0,264.0,83.0,3.0,61
If I Had You,Adam Lambert,POP,1.176878,68.0,2010,131.0,91.0,65.0,-4.0,37.0,79.0,228.0,1.0,11.0,59
Rock That Body,The Black Eyed Peas,POP,,,2010,125.0,91.0,72.0,-6.0,43.0,84.0,269.0,2.0,10.0,59
Dog Days Are Over,Florence + The Machine,POP,5.513621,78.0,2010,150.0,81.0,50.0,-5.0,12.0,26.0,253.0,3.0,9.0,58
Something's Got A Hold On Me - Burlesque Original Motion Picture Soundtrack,Christina Aguilera,POP,5.976217,83.0,2010,150.0,85.0,51.0,-4.0,12.0,72.0,185.0,47.0,27.0,58
Doesn't Mean Anything,Alicia Keys,HIPHOP,8.491202000000001,83.0,2010,104.0,41.0,71.0,-7.0,10.0,10.0,273.0,4.0,3.0,57
Hard,Rihanna,POP,41.858636,93.0,2010,182.0,75.0,31.0,-4.0,65.0,16.0,251.0,1.0,11.0,57
Loca,Shakira,POP,21.244925,88.0,2010,112.0,87.0,80.0,-4.0,9.0,85.0,193.0,19.0,7.0,56
You Lost Me,Christina Aguilera,POP,5.976217,83.0,2010,43.0,39.0,23.0,-6.0,14.0,7.0,257.0,85.0,4.0,56
Not Myself Tonight,Christina Aguilera,POP,5.976217,83.0,2010,120.0,81.0,76.0,-5.0,56.0,54.0,186.0,0.0,4.0,55
Written in the Stars (feat. Eric Turner),Tinie Tempah,POP,0.765237,71.0,2010,91.0,95.0,64.0,-4.0,18.0,57.0,220.0,6.0,7.0,52
DJ Got Us Fallin' In Love (feat. Pitbull),Usher,HIPHOP,8.554807,85.0,2010,120.0,86.0,66.0,-3.0,8.0,65.0,221.0,3.0,11.0,52
Castle Walls (feat. Christina Aguilera),T.I.,HIPHOP,3.668252,80.0,2010,80.0,86.0,45.0,-5.0,26.0,58.0,329.0,7.0,39.0,49
Break Your Heart,Taio Cruz,POP,1.899663,75.0,2010,122.0,90.0,67.0,-5.0,8.0,63.0,186.0,0.0,3.0,33
Hello,Martin Solveig,DISCO,1.167038,73.0,2010,128.0,98.0,67.0,-3.0,10.0,45.0,191.0,1.0,3.0,0
A Thousand Years,Christina Perri,POP,2.917625,76.0,2011,139.0,41.0,42.0,-7.0,11.0,16.0,285.0,31.0,3.0,81
Someone Like You,Adele,BLUES,26.369721999999996,86.0,2011,135.0,33.0,56.0,-8.0,10.0,28.0,285.0,89.0,3.0,80
Give Me Everything,Pitbull,POP,8.302253,87.0,2011,129.0,94.0,67.0,-3.0,30.0,53.0,252.0,19.0,16.0,79
Just the Way You Are,Bruno Mars,POP,29.381078999999996,93.0,2011,109.0,84.0,64.0,-5.0,9.0,43.0,221.0,2.0,4.0,78
Rolling in the Deep,Adele,BLUES,26.369721999999996,86.0,2011,105.0,76.0,73.0,-5.0,5.0,52.0,228.0,13.0,3.0,76
Run the World (Girls),Beyoncé,POP,26.71493,89.0,2011,127.0,90.0,73.0,-4.0,37.0,76.0,236.0,0.0,14.0,76
Moves Like Jagger - Studio Recording From The Voice Performance,Maroon 5,POP,29.955690999999998,91.0,2011,128.0,76.0,72.0,-4.0,32.0,62.0,201.0,1.0,5.0,76
Love On Top,Beyoncé,POP,26.71493,89.0,2011,94.0,75.0,65.0,-5.0,60.0,65.0,267.0,8.0,9.0,76
Grenade,Bruno Mars,POP,29.381078999999996,93.0,2011,110.0,56.0,71.0,-7.0,12.0,23.0,223.0,15.0,6.0,75
Tonight Tonight,Hot Chelle Rae,POP,0.5114350000000001,67.0,2011,100.0,78.0,69.0,-5.0,16.0,81.0,200.0,8.0,12.0,75
What the Hell,Avril Lavigne,POP,7.005908,81.0,2011,150.0,93.0,58.0,-4.0,14.0,88.0,221.0,0.0,5.0,74
Born This Way,Lady Gaga,POP,16.716518,90.0,2011,124.0,83.0,59.0,-5.0,33.0,49.0,260.0,0.0,16.0,73
Monster,Kanye West,HIPHOP,13.560642000000001,93.0,2011,125.0,69.0,63.0,-6.0,67.0,10.0,379.0,0.0,20.0,73
Marry You,Bruno Mars,POP,29.381078999999996,93.0,2011,145.0,83.0,62.0,-5.0,10.0,48.0,230.0,33.0,4.0,73
Best Thing I Never Had,Beyoncé,POP,26.71493,89.0,2011,99.0,65.0,55.0,-4.0,9.0,30.0,254.0,14.0,3.0,73
Party Rock Anthem,LMFAO,POP,3.680054,72.0,2011,130.0,74.0,75.0,-4.0,27.0,35.0,262.0,2.0,16.0,72
We R Who We R,Kesha,POP,6.235482,82.0,2011,120.0,82.0,74.0,-5.0,12.0,65.0,205.0,1.0,4.0,72
Price Tag,Jessie J,POP,8.417336,77.0,2011,175.0,83.0,64.0,-4.0,27.0,68.0,223.0,3.0,18.0,72
Good Life,OneRepublic,POP,11.507962,85.0,2011,95.0,69.0,63.0,-8.0,13.0,65.0,253.0,8.0,5.0,72
Just Cant Get Enough,The Black Eyed Peas,POP,,,2011,94.0,63.0,66.0,-9.0,11.0,26.0,219.0,19.0,18.0,71
On The Floor,Jennifer Lopez,POP,9.663594,81.0,2011,130.0,78.0,73.0,-5.0,7.0,57.0,285.0,11.0,5.0,69
What's My Name?,Rihanna,POP,41.858636,93.0,2011,100.0,79.0,69.0,-3.0,8.0,58.0,263.0,23.0,7.0,69
Yeah 3x,Chris Brown,POP,13.353299,91.0,2011,130.0,88.0,71.0,-3.0,9.0,70.0,242.0,0.0,4.0,69
Without You (feat. Usher),David Guetta,POP,22.306494,91.0,2011,128.0,61.0,61.0,-4.0,16.0,40.0,208.0,23.0,3.0,68
Sexy And I Know It,LMFAO,POP,3.680054,72.0,2011,130.0,86.0,71.0,-4.0,19.0,80.0,199.0,10.0,32.0,67
The Edge Of Glory,Lady Gaga,POP,16.716518,90.0,2011,128.0,77.0,58.0,-6.0,11.0,36.0,321.0,0.0,4.0,67
E.T.,Katy Perry,POP,17.821796,88.0,2011,152.0,87.0,62.0,-5.0,37.0,76.0,230.0,2.0,18.0,66
Till the World Ends,Britney Spears,POP,8.732805,85.0,2011,132.0,71.0,69.0,-6.0,20.0,45.0,238.0,2.0,7.0,65
I Wanna Go,Britney Spears,POP,8.732805,85.0,2011,130.0,55.0,70.0,-7.0,33.0,79.0,210.0,0.0,4.0,64
Blow,Kesha,POP,6.235482,82.0,2011,120.0,73.0,75.0,-4.0,7.0,81.0,220.0,0.0,4.0,64
You And I,Lady Gaga,POP,16.716518,90.0,2011,127.0,70.0,52.0,-5.0,9.0,52.0,307.0,9.0,5.0,64
Judas,Lady Gaga,POP,16.716518,90.0,2011,131.0,93.0,66.0,-4.0,27.0,53.0,249.0,0.0,7.0,63
Tonight (I'm Fuckin' You),Enrique Iglesias,POP,9.980979,81.0,2011,126.0,89.0,65.0,-4.0,12.0,32.0,232.0,3.0,5.0,63
Please Don't Go,Mike Posner,POP,1.123621,76.0,2011,120.0,88.0,70.0,-4.0,13.0,66.0,197.0,0.0,3.0,63
We Found Love,Rihanna,POP,41.858636,93.0,2011,128.0,77.0,73.0,-4.0,11.0,60.0,215.0,3.0,4.0,61
Marry The Night,Lady Gaga,POP,16.716518,90.0,2011,131.0,88.0,61.0,-4.0,46.0,38.0,265.0,0.0,6.0,61
1+1,Beyoncé,POP,26.71493,89.0,2011,63.0,38.0,30.0,-7.0,7.0,26.0,274.0,38.0,3.0,60
Hold It Against Me,Britney Spears,POP,8.732805,85.0,2011,133.0,72.0,65.0,-5.0,24.0,39.0,229.0,1.0,4.0,59
I'm Into You,Jennifer Lopez,POP,9.663594,81.0,2011,84.0,75.0,59.0,-4.0,8.0,70.0,200.0,2.0,14.0,59
Papi,Jennifer Lopez,POP,9.663594,81.0,2011,120.0,81.0,71.0,-5.0,37.0,89.0,223.0,13.0,6.0,58
Cheers (Drink To That),Rihanna,POP,41.858636,93.0,2011,80.0,91.0,58.0,-4.0,29.0,73.0,262.0,2.0,4.0,58
S&M Remix,Rihanna,POP,41.858636,93.0,2011,128.0,81.0,82.0,-3.0,5.0,89.0,257.0,5.0,5.0,54
Written in the Stars (feat. Eric Turner),Tinie Tempah,POP,0.765237,71.0,2011,91.0,95.0,64.0,-4.0,18.0,57.0,220.0,6.0,7.0,52
Jar of Hearts,Christina Perri,POP,2.917625,76.0,2011,75.0,35.0,35.0,-6.0,12.0,9.0,247.0,73.0,3.0,50
Castle Walls (feat. Christina Aguilera),T.I.,HIPHOP,3.668252,80.0,2011,80.0,86.0,45.0,-5.0,26.0,58.0,329.0,7.0,39.0,49
Turning Page,Sleeping At Last,POP,1.051626,77.0,2011,125.0,38.0,30.0,-8.0,11.0,19.0,255.0,91.0,3.0,46
Super Bass,Nicki Minaj,POP,20.733813,91.0,2011,127.0,74.0,77.0,-7.0,40.0,59.0,201.0,6.0,23.0,38
Raise Your Glass,P!nk,POP,10.558136,86.0,2011,122.0,64.0,68.0,-7.0,12.0,56.0,208.0,0.0,12.0,38
Invading My Mind,Jennifer Lopez,POP,9.663594,81.0,2011,129.0,88.0,73.0,-4.0,32.0,69.0,201.0,2.0,7.0,31
Moment 4 Life - Album Version (Edited),Nicki Minaj,POP,20.733813,91.0,2011,130.0,88.0,50.0,-4.0,22.0,37.0,279.0,39.0,38.0,28
Last Friday Night (T.G.I.F.),Katy Perry,POP,17.821796,88.0,2011,126.0,81.0,65.0,-4.0,67.0,72.0,231.0,0.0,4.0,27
Firework,Katy Perry,POP,17.821796,88.0,2011,124.0,83.0,64.0,-5.0,11.0,65.0,228.0,14.0,5.0,25
Muny - Album Version (Edited),Nicki Minaj,POP,20.733813,91.0,2011,98.0,72.0,80.0,-5.0,19.0,53.0,227.0,56.0,33.0,7
Titanium (feat. Sia),David Guetta,POP,22.306494,91.0,2012,126.0,79.0,60.0,-4.0,13.0,30.0,245.0,7.0,10.0,80
Locked Out of Heaven,Bruno Mars,POP,29.381078999999996,93.0,2012,144.0,70.0,73.0,-4.0,31.0,87.0,233.0,5.0,4.0,79
Paradise,Coldplay,ROCK,29.455218,90.0,2012,140.0,59.0,45.0,-7.0,8.0,20.0,279.0,5.0,3.0,79
Payphone,Maroon 5,POP,29.955690999999998,91.0,2012,110.0,75.0,74.0,-5.0,29.0,55.0,231.0,2.0,4.0,79
What Makes You Beautiful,One Direction,POP,20.573,91.0,2012,125.0,79.0,73.0,-2.0,6.0,89.0,200.0,1.0,7.0,78
I Knew You Were Trouble.,Taylor Swift,POP,38.00574,98.0,2012,77.0,47.0,62.0,-7.0,3.0,68.0,220.0,0.0,4.0,77
Call Me Maybe,Carly Rae Jepsen,POP,4.512754,76.0,2012,120.0,58.0,78.0,-7.0,11.0,66.0,193.0,1.0,4.0,76
Love You Like A Love Song,Selena Gomez & The Scene,POP,6.3215,72.0,2012,117.0,68.0,86.0,-4.0,7.0,92.0,188.0,8.0,5.0,76
Set Fire to the Rain,Adele,BLUES,26.369721999999996,86.0,2012,108.0,68.0,61.0,-4.0,13.0,47.0,242.0,0.0,3.0,76
We Are Never Ever Getting Back Together,Taylor Swift,POP,38.00574,98.0,2012,86.0,68.0,63.0,-6.0,12.0,75.0,193.0,1.0,9.0,75
Stronger (What Doesn't Kill You),Kelly Clarkson,POP,7.493860000000001,79.0,2012,116.0,94.0,56.0,-4.0,11.0,68.0,222.0,5.0,5.0,74
Try,P!nk,POP,10.558136,86.0,2012,104.0,63.0,67.0,-7.0,9.0,55.0,248.0,0.0,3.0,74
Starships,Nicki Minaj,POP,20.733813,91.0,2012,125.0,72.0,75.0,-2.0,25.0,75.0,211.0,14.0,8.0,73
One More Night,Maroon 5,POP,29.955690999999998,91.0,2012,93.0,82.0,72.0,-3.0,8.0,62.0,220.0,6.0,3.0,73
Good Time,Owl City,POP,2.060824,75.0,2012,126.0,87.0,56.0,-4.0,37.0,68.0,206.0,2.0,14.0,73
Glad You Came,The Wanted,POP,2.215667,70.0,2012,127.0,85.0,72.0,-4.0,11.0,45.0,198.0,3.0,6.0,72
Beauty And A Beat,Justin Bieber,POP,43.755452000000005,98.0,2012,128.0,84.0,60.0,-5.0,7.0,53.0,228.0,0.0,6.0,72
International Love,Pitbull,POP,8.302253,87.0,2012,120.0,86.0,67.0,-3.0,34.0,65.0,227.0,1.0,5.0,72
Some Nights,fun.,POP,3.461092,73.0,2012,108.0,74.0,67.0,-7.0,9.0,39.0,277.0,2.0,5.0,72
Boyfriend,Justin Bieber,POP,43.755452000000005,98.0,2012,97.0,55.0,72.0,-6.0,13.0,33.0,171.0,4.0,5.0,71
Part Of Me,Katy Perry,POP,17.821796,88.0,2012,130.0,92.0,68.0,-5.0,7.0,77.0,216.0,0.0,4.0,71
Domino,Jessie J,POP,8.417336,77.0,2012,127.0,55.0,76.0,-5.0,4.0,78.0,232.0,1.0,3.0,69
Where Have You Been,Rihanna,POP,41.858636,93.0,2012,128.0,85.0,72.0,-6.0,22.0,44.0,243.0,0.0,9.0,68
Wide Awake,Katy Perry,POP,17.821796,88.0,2012,160.0,68.0,51.0,-5.0,39.0,57.0,221.0,7.0,4.0,68
The One That Got Away,Katy Perry,POP,17.821796,88.0,2012,134.0,80.0,69.0,-4.0,16.0,88.0,227.0,0.0,4.0,67
Dance Again,Jennifer Lopez,POP,9.663594,81.0,2012,128.0,86.0,79.0,-5.0,10.0,71.0,237.0,2.0,7.0,66
Turn Up the Music,Chris Brown,POP,13.353299,91.0,2012,130.0,84.0,59.0,-6.0,16.0,64.0,228.0,0.0,10.0,65
Lights - Single Version,Ellie Goulding,POP,9.247324,84.0,2012,120.0,80.0,68.0,-6.0,13.0,78.0,211.0,3.0,4.0,65
We Are Young (feat. Janelle Monáe),fun.,POP,3.461092,73.0,2012,184.0,64.0,38.0,-6.0,8.0,74.0,251.0,2.0,8.0,63
Diamonds,Rihanna,POP,41.858636,93.0,2012,92.0,71.0,56.0,-5.0,11.0,39.0,225.0,0.0,5.0,61
Don't Stop the Party (feat. TJR),Pitbull,POP,8.302253,87.0,2012,127.0,96.0,72.0,-4.0,38.0,95.0,206.0,1.0,9.0,59
You Da One,Rihanna,POP,41.858636,93.0,2012,127.0,72.0,70.0,-5.0,13.0,86.0,200.0,50.0,4.0,57
Stereo Hearts (feat. Adam Levine),Gym Class Heroes,POP,1.205858,78.0,2012,90.0,80.0,65.0,-3.0,27.0,80.0,211.0,3.0,10.0,54
It Will Rain,Bruno Mars,POP,29.381078999999996,93.0,2012,150.0,84.0,58.0,-7.0,8.0,48.0,258.0,34.0,5.0,38
Blow Me (One Last Kiss),P!nk,POP,10.558136,86.0,2012,114.0,92.0,60.0,-3.0,25.0,75.0,256.0,0.0,4.0,0
Underneath the Tree,Kelly Clarkson,POP,7.493860000000001,79.0,2013,160.0,81.0,51.0,-5.0,21.0,69.0,230.0,0.0,5.0,88
Wake Me Up,Avicii,DISCO,19.367148999999998,86.0,2013,124.0,78.0,53.0,-6.0,16.0,64.0,247.0,0.0,5.0,85
Story of My Life,One Direction,POP,20.573,91.0,2013,121.0,66.0,60.0,-6.0,12.0,29.0,245.0,23.0,5.0,81
Just Give Me a Reason (feat. Nate Ruess),P!nk,POP,10.558136,86.0,2013,95.0,55.0,78.0,-7.0,13.0,44.0,243.0,35.0,5.0,81
Hall of Fame,The Script,ROCK,6.4921050000000005,79.0,2013,85.0,87.0,42.0,-4.0,12.0,63.0,203.0,7.0,6.0,80
Roar,Katy Perry,POP,17.821796,88.0,2013,180.0,77.0,55.0,-5.0,35.0,46.0,224.0,0.0,4.0,78
We Can't Stop,Miley Cyrus,POP,14.537891,90.0,2013,80.0,62.0,61.0,-6.0,37.0,48.0,231.0,1.0,3.0,78
Don't You Worry Child - Radio Edit,Swedish House Mafia,DISCO,3.244298,71.0,2013,129.0,84.0,61.0,-3.0,12.0,44.0,213.0,11.0,5.0,78
Get Lucky (feat. Pharrell Williams & Nile Rodgers) - Radio Edit,Daft Punk,HIPHOP,7.517866000000001,88.0,2013,116.0,81.0,79.0,-9.0,10.0,86.0,248.0,4.0,4.0,77
Wrecking Ball,Miley Cyrus,POP,14.537891,90.0,2013,120.0,42.0,53.0,-6.0,11.0,35.0,221.0,41.0,3.0,77
Impossible,James Arthur,POP,7.745596000000001,87.0,2013,170.0,70.0,38.0,-5.0,11.0,30.0,209.0,14.0,9.0,77
Blurred Lines,Robin Thicke,POP,1.6997349999999998,70.0,2013,120.0,60.0,85.0,-5.0,8.0,84.0,264.0,0.0,4.0,76
Heart Attack,Demi Lovato,POP,19.291866,87.0,2013,174.0,79.0,50.0,-5.0,24.0,50.0,211.0,7.0,10.0,76
We Are Never Ever Getting Back Together,Taylor Swift,POP,38.00574,98.0,2013,86.0,68.0,63.0,-6.0,12.0,75.0,193.0,1.0,9.0,75
Die Young,Kesha,POP,6.235482,82.0,2013,128.0,70.0,71.0,-5.0,22.0,80.0,212.0,0.0,5.0,75
Clarity,Zedd,DISCO,5.400656,82.0,2013,128.0,78.0,51.0,-3.0,7.0,18.0,271.0,4.0,7.0,75
Summertime Sadness (Lana Del Rey Vs. Cedric Gervais) - Cedric Gervais Remix,Lana Del Rey,POP,12.552754,90.0,2013,126.0,81.0,57.0,-6.0,13.0,11.0,215.0,2.0,6.0,74
Under Control,Calvin Harris,POP,21.442367,88.0,2013,126.0,92.0,54.0,-3.0,12.0,51.0,184.0,13.0,8.0,74
Everybody Talks,Neon Trees,POP,1.006162,73.0,2013,155.0,92.0,47.0,-4.0,31.0,73.0,177.0,0.0,6.0,74
"Hold On, We're Going Home",Drake,HIPHOP,53.806406,100.0,2013,100.0,41.0,77.0,-7.0,7.0,29.0,228.0,0.0,10.0,73
Best Song Ever,One Direction,POP,20.573,91.0,2013,118.0,88.0,65.0,-3.0,8.0,49.0,200.0,2.0,5.0,73
Kiss You,One Direction,POP,20.573,91.0,2013,90.0,93.0,63.0,-3.0,32.0,91.0,183.0,2.0,6.0,73
Sweet Nothing (feat. Florence Welch),Calvin Harris,POP,21.442367,88.0,2013,128.0,93.0,57.0,-4.0,6.0,58.0,213.0,20.0,11.0,72
Lose Yourself to Dance,Daft Punk,HIPHOP,7.517866000000001,88.0,2013,100.0,66.0,83.0,-8.0,8.0,67.0,354.0,8.0,6.0,72
Work Bitch,Britney Spears,POP,8.732805,85.0,2013,128.0,82.0,63.0,-7.0,7.0,85.0,248.0,16.0,16.0,71
Brave,Sara Bareilles,POP,1.60758,74.0,2013,185.0,84.0,55.0,-4.0,4.0,76.0,221.0,1.0,5.0,71
Can't Hold Us (feat. Ray Dalton),Macklemore & Ryan Lewis,POP,2.5591459999999997,79.0,2013,146.0,93.0,63.0,-4.0,10.0,88.0,258.0,3.0,8.0,70
Feel This Moment (feat. Christina Aguilera),Pitbull,POP,8.302253,87.0,2013,136.0,76.0,67.0,-4.0,34.0,54.0,230.0,4.0,16.0,70
Beneath Your Beautiful,Labrinth,POP,1.5564440000000002,83.0,2013,84.0,52.0,56.0,-6.0,10.0,23.0,272.0,23.0,4.0,70
Let Me Love You (Until You Learn To Love Yourself),Ne-Yo,POP,5.945178,83.0,2013,125.0,68.0,66.0,-7.0,37.0,25.0,252.0,25.0,4.0,70
Thrift Shop (feat. Wanz),Macklemore & Ryan Lewis,POP,2.5591459999999997,79.0,2013,95.0,53.0,78.0,-7.0,5.0,66.0,236.0,6.0,29.0,69
If I Lose Myself - Alesso vs OneRepublic,OneRepublic,POP,11.507962,85.0,2013,126.0,75.0,52.0,-6.0,14.0,16.0,215.0,26.0,4.0,69
The Way,Ariana Grande,POP,60.010425,97.0,2013,82.0,88.0,65.0,-3.0,8.0,86.0,227.0,29.0,11.0,68
Suit & Tie,Justin Timberlake,POP,10.515901,85.0,2013,102.0,60.0,80.0,-4.0,16.0,36.0,326.0,10.0,22.0,68
#thatPOWER,will.i.am,POP,3.341131,79.0,2013,128.0,61.0,80.0,-6.0,7.0,40.0,280.0,0.0,6.0,68
I Love It (feat. Charli XCX),Icona Pop,POP,0.662117,72.0,2013,126.0,91.0,71.0,-3.0,15.0,82.0,157.0,1.0,3.0,67
Play Hard (feat. Ne-Yo & Akon) - New Edit,David Guetta,POP,22.306494,91.0,2013,130.0,87.0,72.0,-3.0,66.0,68.0,209.0,4.0,4.0,67
Daylight,Maroon 5,POP,29.955690999999998,91.0,2013,120.0,67.0,66.0,-5.0,26.0,37.0,225.0,0.0,3.0,66
Love Somebody,Maroon 5,POP,29.955690999999998,91.0,2013,120.0,78.0,68.0,-6.0,12.0,40.0,230.0,13.0,4.0,65
A Little Party Never Killed Nobody (All We Got),Fergie,POP,4.3399019999999995,75.0,2013,130.0,62.0,76.0,-6.0,9.0,52.0,241.0,1.0,18.0,65
Move,Little Mix,POP,8.853859,85.0,2013,121.0,74.0,85.0,-5.0,55.0,77.0,224.0,0.0,9.0,63
Walks Like Rihanna,The Wanted,POP,2.215667,70.0,2013,126.0,82.0,56.0,-3.0,10.0,43.0,202.0,1.0,6.0,62
Rock N Roll,Avril Lavigne,POP,7.005908,81.0,2013,184.0,96.0,47.0,-3.0,34.0,67.0,207.0,1.0,13.0,61
Heartbreaker,Justin Bieber,POP,43.755452000000005,98.0,2013,105.0,52.0,56.0,-7.0,34.0,58.0,263.0,14.0,10.0,61
Mirrors - Radio Edit,Justin Timberlake,POP,10.515901,85.0,2013,77.0,60.0,58.0,-6.0,43.0,65.0,277.0,14.0,5.0,60
Next To Me,Emeli Sandé,POP,2.012163,71.0,2013,95.0,80.0,67.0,-5.0,11.0,35.0,197.0,9.0,4.0,60
Made In The USA,Demi Lovato,POP,19.291866,87.0,2013,87.0,86.0,58.0,-4.0,32.0,59.0,196.0,0.0,4.0,60
Clown,Emeli Sandé,POP,2.012163,71.0,2013,130.0,23.0,45.0,-8.0,11.0,23.0,221.0,92.0,4.0,60
Girl On Fire (feat. Nicki Minaj) - Inferno Version,Alicia Keys,HIPHOP,8.491202000000001,83.0,2013,93.0,81.0,55.0,-6.0,15.0,34.0,271.0,9.0,31.0,59
TKO,Justin Timberlake,POP,10.515901,85.0,2013,138.0,68.0,61.0,-7.0,43.0,49.0,424.0,1.0,24.0,58
Come & Get It,Selena Gomez,POP,26.161775,91.0,2013,80.0,79.0,55.0,-4.0,10.0,58.0,232.0,1.0,5.0,57
Live It Up,Jennifer Lopez,POP,9.663594,81.0,2013,128.0,73.0,69.0,-5.0,33.0,65.0,244.0,1.0,17.0,57
We Own The Night,The Wanted,POP,2.215667,70.0,2013,104.0,94.0,55.0,-4.0,23.0,56.0,206.0,1.0,13.0,56
Atlas - From The Hunger Games: Catching Fire Soundtrack,Coldplay,ROCK,29.455218,90.0,2013,136.0,45.0,28.0,-8.0,11.0,11.0,236.0,63.0,3.0,55
What About Love,Austin Mahone,POP,1.838097,66.0,2013,100.0,78.0,63.0,-7.0,4.0,28.0,203.0,0.0,4.0,54
Take Back the Night,Justin Timberlake,POP,10.515901,85.0,2013,107.0,66.0,59.0,-5.0,64.0,33.0,353.0,4.0,16.0,54
Applause,Lady Gaga,POP,16.716518,90.0,2013,140.0,78.0,67.0,-4.0,11.0,73.0,212.0,3.0,5.0,52
Anything Could Happen,Ellie Goulding,POP,9.247324,84.0,2013,103.0,78.0,70.0,-4.0,14.0,38.0,286.0,43.0,3.0,52
Finally Found You,Enrique Iglesias,POP,9.980979,81.0,2013,128.0,88.0,62.0,-5.0,35.0,66.0,221.0,1.0,10.0,52
Pom Poms,Jonas Brothers,POP,5.067963,81.0,2013,148.0,98.0,68.0,-2.0,28.0,90.0,198.0,7.0,9.0,52
#Beautiful,Mariah Carey,POP,6.457953,82.0,2013,107.0,76.0,68.0,-5.0,31.0,45.0,200.0,29.0,4.0,51
How Ya Doin'? (feat. Missy Elliott),Little Mix,POP,8.853859,85.0,2013,201.0,95.0,36.0,-3.0,37.0,51.0,211.0,9.0,48.0,50
Crazy Kids (feat. will.i.am),Kesha,POP,6.235482,82.0,2013,128.0,75.0,72.0,-4.0,13.0,50.0,229.0,4.0,4.0,46
"Ooh La La (from ""The Smurfs 2"")",Britney Spears,POP,8.732805,85.0,2013,128.0,57.0,69.0,-5.0,11.0,73.0,257.0,2.0,5.0,45
People Like Us,Kelly Clarkson,POP,7.493860000000001,79.0,2013,128.0,79.0,60.0,-5.0,36.0,61.0,259.0,4.0,4.0,45
Overdose,Ciara,POP,4.903077,76.0,2013,107.0,70.0,77.0,-6.0,6.0,79.0,227.0,1.0,3.0,43
Right Now - Dyro Radio Edit,Rihanna,POP,41.858636,93.0,2013,130.0,74.0,53.0,-6.0,24.0,45.0,186.0,0.0,4.0,42
Give It 2 U,Robin Thicke,POP,1.6997349999999998,70.0,2013,127.0,83.0,67.0,-4.0,16.0,58.0,230.0,10.0,7.0,41
Foolish Games,Jewel,ROCK,0.51185,64.0,2013,132.0,34.0,51.0,-11.0,12.0,7.0,250.0,23.0,3.0,36
Outta Nowhere (feat. Danny Mercer),Pitbull,POP,8.302253,87.0,2013,95.0,84.0,71.0,-4.0,21.0,66.0,207.0,16.0,3.0,35
Freak,Kelly Rowland,HIPHOP,2.604931,72.0,2013,104.0,78.0,65.0,-5.0,12.0,45.0,274.0,13.0,6.0,28
All of Me,John Legend,POP,5.566783,84.0,2014,120.0,26.0,42.0,-7.0,13.0,33.0,270.0,92.0,3.0,86
Stay With Me,Sam Smith,POP,15.89189,89.0,2014,84.0,42.0,42.0,-6.0,11.0,18.0,173.0,59.0,4.0,85
Summer,Calvin Harris,POP,21.442367,88.0,2014,128.0,86.0,60.0,-4.0,14.0,74.0,223.0,2.0,3.0,80
"Happy - From ""Despicable Me 2""",Pharrell Williams,POP,3.480349,83.0,2014,160.0,82.0,65.0,-5.0,9.0,96.0,233.0,22.0,18.0,79
Rude,MAGIC!,POP,1.196836,72.0,2014,144.0,76.0,77.0,-5.0,31.0,93.0,225.0,4.0,4.0,79
Shake It Off,Taylor Swift,POP,38.00574,98.0,2014,160.0,80.0,65.0,-5.0,33.0,94.0,219.0,6.0,17.0,78
Dark Horse,Katy Perry,POP,17.821796,88.0,2014,132.0,59.0,65.0,-6.0,17.0,35.0,216.0,0.0,5.0,78
Hey Brother,Avicii,DISCO,19.367148999999998,86.0,2014,125.0,78.0,55.0,-5.0,8.0,46.0,255.0,3.0,4.0,78
Maps,Maroon 5,POP,29.955690999999998,91.0,2014,120.0,71.0,74.0,-6.0,6.0,88.0,190.0,2.0,3.0,78
Treasure,Bruno Mars,POP,29.381078999999996,93.0,2014,116.0,69.0,87.0,-5.0,32.0,94.0,179.0,4.0,4.0,77
Let Her Go,Passenger,POP,2.75047,78.0,2014,75.0,54.0,51.0,-7.0,10.0,24.0,253.0,39.0,6.0,77
Problem,Ariana Grande,POP,60.010425,97.0,2014,103.0,81.0,66.0,-5.0,16.0,63.0,194.0,2.0,15.0,75
Pompeii,Bastille,POP,4.68205,81.0,2014,127.0,72.0,68.0,-6.0,27.0,57.0,214.0,8.0,4.0,73
Team,Lorde,POP,7.354667999999999,82.0,2014,100.0,58.0,69.0,-7.0,31.0,42.0,193.0,17.0,9.0,73
Love Me Again,John Newman,POP,0.635812,72.0,2014,126.0,89.0,50.0,-5.0,10.0,21.0,240.0,0.0,4.0,73
Latch,Disclosure,DISCO,1.898791,80.0,2014,122.0,73.0,50.0,-5.0,9.0,52.0,256.0,2.0,17.0,72
Adore You,Miley Cyrus,POP,14.537891,90.0,2014,120.0,66.0,58.0,-5.0,11.0,20.0,279.0,11.0,3.0,72
Love Never Felt So Good,Michael Jackson,POP,17.848367,86.0,2014,118.0,72.0,78.0,-6.0,7.0,71.0,246.0,13.0,4.0,71
Burn,Ellie Goulding,POP,9.247324,84.0,2014,87.0,78.0,56.0,-5.0,11.0,33.0,231.0,31.0,4.0,71
She Looks So Perfect,5 Seconds of Summer,POP,7.277893,85.0,2014,160.0,95.0,49.0,-4.0,33.0,44.0,202.0,0.0,13.0,71
Fancy,Iggy Azalea,HIPHOP,5.40993,77.0,2014,95.0,72.0,91.0,-4.0,5.0,38.0,200.0,9.0,7.0,70
Talk Dirty (feat. 2 Chainz),Jason Derulo,POP,9.081838000000001,89.0,2014,100.0,65.0,76.0,-7.0,31.0,76.0,178.0,3.0,23.0,68
Gorilla,Bruno Mars,POP,29.381078999999996,93.0,2014,140.0,54.0,72.0,-7.0,10.0,64.0,244.0,45.0,4.0,68
human,Christina Perri,POP,2.917625,76.0,2014,144.0,49.0,44.0,-6.0,11.0,25.0,251.0,13.0,4.0,68
Young Girls,Bruno Mars,POP,29.381078999999996,93.0,2014,126.0,75.0,56.0,-5.0,21.0,50.0,229.0,46.0,3.0,67
Wiggle (feat. Snoop Dogg),Jason Derulo,POP,9.081838000000001,89.0,2014,82.0,62.0,70.0,-7.0,16.0,72.0,193.0,8.0,25.0,67
Love Runs Out,OneRepublic,POP,11.507962,85.0,2014,120.0,93.0,72.0,-4.0,8.0,74.0,225.0,17.0,6.0,66
This Is How We Do,Katy Perry,POP,17.821796,88.0,2014,96.0,64.0,69.0,-6.0,15.0,80.0,204.0,2.0,5.0,66
Mmm Yeah (feat. Pitbull),Austin Mahone,POP,1.838097,66.0,2014,126.0,92.0,71.0,-4.0,27.0,98.0,232.0,0.0,4.0,65
A Little Party Never Killed Nobody (All We Got),Fergie,POP,4.3399019999999995,75.0,2014,130.0,62.0,76.0,-6.0,9.0,52.0,241.0,1.0,18.0,65
#SELFIE,The Chainsmokers,POP,17.62492,86.0,2014,128.0,92.0,79.0,-3.0,8.0,66.0,184.0,1.0,25.0,65
Partition,Beyoncé,POP,26.71493,89.0,2014,186.0,44.0,41.0,-12.0,31.0,17.0,319.0,3.0,29.0,65
Birthday,Katy Perry,POP,17.821796,88.0,2014,126.0,67.0,72.0,-5.0,11.0,84.0,215.0,9.0,7.0,65
G.U.Y.,Lady Gaga,POP,16.716518,90.0,2014,110.0,92.0,62.0,-3.0,12.0,57.0,233.0,1.0,4.0,65
Stay The Night - Featuring Hayley Williams Of Paramore,Zedd,DISCO,5.400656,82.0,2014,128.0,74.0,60.0,-3.0,9.0,46.0,217.0,11.0,4.0,64
"Let It Go - From ""Frozen / Single Version",Demi Lovato,POP,19.291866,87.0,2014,140.0,66.0,50.0,-6.0,27.0,25.0,226.0,3.0,4.0,63
Wings,Birdy,POP,3.222336,77.0,2014,83.0,71.0,47.0,-5.0,16.0,22.0,252.0,8.0,3.0,62
Can't Remember to Forget You (feat. Rihanna),Shakira,POP,21.244925,88.0,2014,138.0,81.0,69.0,-4.0,14.0,82.0,207.0,12.0,7.0,62
Shot Me Down (feat. Skylar Grey) - Radio Edit,David Guetta,POP,22.306494,91.0,2014,192.0,77.0,35.0,-4.0,12.0,4.0,191.0,6.0,5.0,61
Say Something,A Great Big World,POP,0.44692299999999996,70.0,2014,138.0,15.0,45.0,-9.0,9.0,9.0,229.0,87.0,3.0,61
A Sky Full of Stars,Coldplay,ROCK,29.455218,90.0,2014,125.0,68.0,55.0,-6.0,21.0,16.0,268.0,1.0,3.0,60
Come Get It Bae,Pharrell Williams,POP,3.480349,83.0,2014,120.0,80.0,93.0,-6.0,10.0,90.0,202.0,27.0,8.0,59
Chandelier,Sia,POP,19.105953,91.0,2014,174.0,78.0,29.0,-3.0,7.0,62.0,216.0,2.0,7.0,56
XO,Beyoncé,POP,26.71493,89.0,2014,170.0,79.0,47.0,-9.0,31.0,21.0,216.0,17.0,26.0,56
We Are One (Ole Ola) [The Official 2014 FIFA World Cup Song],Pitbull,POP,8.302253,87.0,2014,125.0,94.0,60.0,-4.0,10.0,55.0,222.0,0.0,7.0,56
Not About Angels,Birdy,POP,3.222336,77.0,2014,116.0,14.0,41.0,-10.0,9.0,23.0,190.0,97.0,4.0,56
Drunk in Love,Beyoncé,POP,26.71493,89.0,2014,140.0,62.0,59.0,-7.0,18.0,40.0,323.0,1.0,5.0,52
Anaconda,Nicki Minaj,POP,20.733813,91.0,2014,130.0,60.0,96.0,-6.0,21.0,65.0,260.0,7.0,18.0,50
Boom Clap - From the Motion Picture Das Schicksal ist ein mieser Verräter,Charli XCX,POP,2.267593,79.0,2014,92.0,81.0,68.0,-4.0,34.0,64.0,169.0,7.0,6.0,50
La La La (Brasil 2014) (feat. Carlinhos Brown),Shakira,POP,21.244925,88.0,2014,128.0,82.0,80.0,-5.0,35.0,61.0,198.0,18.0,4.0,50
Tee Shirt - Soundtrack Version,Birdy,POP,3.222336,77.0,2014,76.0,34.0,68.0,-9.0,9.0,56.0,160.0,84.0,3.0,49
Words as Weapons,Birdy,POP,3.222336,77.0,2014,120.0,35.0,53.0,-9.0,14.0,19.0,239.0,28.0,3.0,44
You're Mine (Eternal),Mariah Carey,POP,6.457953,82.0,2014,149.0,58.0,63.0,-7.0,38.0,56.0,224.0,28.0,7.0,38
Sheezus,Lily Allen,POP,1.687632,73.0,2014,130.0,50.0,78.0,-7.0,11.0,39.0,235.0,15.0,4.0,37
Cannonball,Lea Michele,UNKNOWN,0.45588,58.0,2014,92.0,82.0,56.0,-3.0,19.0,57.0,215.0,2.0,5.0,37
It's On Again - Main Soundtrack,Alicia Keys,HIPHOP,8.491202000000001,83.0,2014,110.0,54.0,64.0,-9.0,25.0,53.0,230.0,10.0,11.0,30
I Luh Ya Papi,Jennifer Lopez,POP,9.663594,81.0,2014,96.0,73.0,74.0,-6.0,12.0,59.0,207.0,45.0,42.0,28
Not a Bad Thing,Justin Timberlake,POP,10.515901,85.0,2014,86.0,73.0,59.0,-6.0,38.0,46.0,266.0,27.0,6.0,0
Thinking out Loud,Ed Sheeran,POP,77.890588,94.0,2015,79.0,45.0,78.0,-6.0,18.0,59.0,282.0,47.0,3.0,84
I'm Not The Only One,Sam Smith,POP,15.89189,89.0,2015,82.0,49.0,68.0,-6.0,8.0,49.0,239.0,53.0,4.0,84
The Hills,The Weeknd,POP,30.336501000000002,98.0,2015,113.0,56.0,58.0,-7.0,14.0,14.0,242.0,7.0,5.0,84
Love Yourself,Justin Bieber,POP,43.755452000000005,98.0,2015,100.0,38.0,61.0,-10.0,28.0,52.0,234.0,84.0,44.0,83
Uptown Funk,Mark Ronson,POP,0.8966729999999999,81.0,2015,115.0,61.0,86.0,-7.0,3.0,93.0,270.0,1.0,8.0,82
Take Me To Church,Hozier,UNKNOWN,4.554774,83.0,2015,129.0,66.0,57.0,-5.0,12.0,44.0,242.0,63.0,5.0,81
Sugar,Maroon 5,POP,29.955690999999998,91.0,2015,120.0,79.0,75.0,-7.0,9.0,88.0,235.0,6.0,3.0,81
Sorry,Justin Bieber,POP,43.755452000000005,98.0,2015,100.0,76.0,65.0,-4.0,30.0,41.0,201.0,8.0,5.0,81
FourFiveSeconds,Rihanna,POP,41.858636,93.0,2015,206.0,27.0,58.0,-6.0,13.0,35.0,188.0,88.0,5.0,80
"Love Me Like You Do - From ""Fifty Shades Of Grey""",Ellie Goulding,POP,9.247324,84.0,2015,190.0,61.0,26.0,-7.0,13.0,28.0,253.0,25.0,5.0,79
"Earned It (Fifty Shades Of Grey) - From The ""Fifty Shades Of Grey"" Soundtrack",The Weeknd,POP,30.336501000000002,98.0,2015,120.0,38.0,66.0,-6.0,10.0,44.0,252.0,39.0,3.0,79
What Do You Mean?,Justin Bieber,POP,43.755452000000005,98.0,2015,125.0,57.0,85.0,-8.0,8.0,79.0,206.0,59.0,10.0,79
Stitches,Shawn Mendes,POP,32.070046000000005,91.0,2015,150.0,75.0,75.0,-7.0,5.0,76.0,207.0,2.0,7.0,78
Want to Want Me,Jason Derulo,POP,9.081838000000001,89.0,2015,114.0,68.0,78.0,-6.0,11.0,66.0,208.0,1.0,6.0,77
My House,Flo Rida,POP,7.995771,83.0,2015,94.0,70.0,69.0,-5.0,13.0,74.0,192.0,2.0,5.0,77
Waves - Robin Schulz Radio Edit,Mr. Probz,DISCO,0.306992,71.0,2015,120.0,51.0,83.0,-9.0,8.0,45.0,208.0,1.0,4.0,77
Night Changes,One Direction,POP,20.573,91.0,2015,120.0,52.0,67.0,-8.0,12.0,37.0,227.0,86.0,4.0,77
How Deep Is Your Love,Calvin Harris,POP,21.442367,88.0,2015,122.0,87.0,74.0,-4.0,39.0,34.0,213.0,4.0,7.0,77
Never Forget You,Zara Larsson,POP,8.549389,83.0,2015,146.0,73.0,58.0,-6.0,27.0,28.0,213.0,0.0,5.0,77
Love Me Harder,Ariana Grande,POP,60.010425,97.0,2015,99.0,71.0,47.0,-4.0,8.0,24.0,236.0,1.0,3.0,76
Animals,Maroon 5,POP,29.955690999999998,91.0,2015,190.0,74.0,28.0,-6.0,59.0,33.0,231.0,0.0,9.0,76
Blame,Calvin Harris,POP,21.442367,88.0,2015,128.0,86.0,41.0,-4.0,34.0,35.0,213.0,3.0,8.0,76
Worth It,Fifth Harmony,POP,12.370978,76.0,2015,100.0,77.0,88.0,-4.0,12.0,59.0,225.0,6.0,9.0,75
Break Free,Ariana Grande,POP,60.010425,97.0,2015,130.0,70.0,69.0,-5.0,20.0,28.0,215.0,1.0,5.0,75
Don't,Ed Sheeran,POP,77.890588,94.0,2015,95.0,61.0,81.0,-7.0,64.0,85.0,220.0,1.0,7.0,74
Elastic Heart,Sia,POP,19.105953,91.0,2015,130.0,79.0,42.0,-5.0,15.0,50.0,257.0,1.0,5.0,73
Rather Be (feat. Jess Glynne),Clean Bandit,POP,4.255196,82.0,2015,121.0,59.0,80.0,-7.0,19.0,55.0,228.0,16.0,4.0,73
Hello,Adele,BLUES,26.369721999999996,86.0,2015,158.0,45.0,48.0,-6.0,9.0,29.0,295.0,34.0,3.0,73
Dear Future Husband,Meghan Trainor,POP,10.213531,81.0,2015,79.0,78.0,66.0,-5.0,32.0,83.0,184.0,38.0,19.0,72
43776,Beyoncé,POP,26.71493,89.0,2015,136.0,71.0,75.0,-5.0,13.0,56.0,214.0,1.0,13.0,72
The Heart Wants What It Wants,Selena Gomez,POP,26.161775,91.0,2015,83.0,79.0,62.0,-5.0,14.0,62.0,227.0,5.0,4.0,72
"Hey Mama (feat. Nicki Minaj, Bebe Rexha & Afrojack)",David Guetta,POP,22.306494,91.0,2015,86.0,73.0,60.0,-4.0,33.0,53.0,193.0,24.0,15.0,72
Genie In a Bottle,Christina Aguilera,POP,5.976217,83.0,2015,176.0,80.0,63.0,-7.0,14.0,91.0,218.0,21.0,16.0,72
Company,Justin Bieber,POP,43.755452000000005,98.0,2015,95.0,80.0,59.0,-5.0,8.0,43.0,208.0,13.0,6.0,72
Sing,Ed Sheeran,POP,77.890588,94.0,2015,120.0,67.0,82.0,-4.0,6.0,94.0,235.0,30.0,5.0,71
Jealous - Remix,Nick Jonas,POP,7.1842,77.0,2015,93.0,71.0,68.0,-4.0,44.0,45.0,222.0,1.0,8.0,70
Really Don't Care,Demi Lovato,POP,19.291866,87.0,2015,121.0,73.0,71.0,-4.0,19.0,85.0,202.0,12.0,9.0,70
"Downtown (feat. Melle Mel, Grandmaster Caz, Kool Moe Dee & Eric Nally)",Macklemore & Ryan Lewis,POP,2.5591459999999997,79.0,2015,110.0,61.0,83.0,-4.0,29.0,71.0,293.0,9.0,7.0,70
Only Love Can Hurt Like This,Paloma Faith,BLUES,0.9212799999999999,67.0,2015,91.0,89.0,57.0,-5.0,33.0,31.0,233.0,10.0,8.0,69
Heartbeat Song,Kelly Clarkson,POP,7.493860000000001,79.0,2015,149.0,80.0,49.0,-4.0,6.0,48.0,199.0,1.0,5.0,69
Up,Olly Murs,POP,2.937575,72.0,2015,115.0,85.0,69.0,-5.0,10.0,64.0,224.0,2.0,3.0,69
Trumpets,Jason Derulo,POP,9.081838000000001,89.0,2015,82.0,70.0,63.0,-5.0,10.0,64.0,217.0,56.0,24.0,69
Runnin' (Lose It All),Naughty Boy,DISCO,0.298039,65.0,2015,139.0,85.0,32.0,-6.0,48.0,8.0,213.0,1.0,8.0,69
Same Old Love,Selena Gomez,POP,26.161775,91.0,2015,98.0,59.0,67.0,-4.0,21.0,44.0,229.0,2.0,3.0,69
I Want You To Know,Zedd,DISCO,5.400656,82.0,2015,130.0,85.0,58.0,-3.0,14.0,37.0,240.0,1.0,6.0,68
Lips Are Movin,Meghan Trainor,POP,10.213531,81.0,2015,139.0,83.0,78.0,-5.0,11.0,95.0,183.0,5.0,5.0,68
I'll Show You,Justin Bieber,POP,43.755452000000005,98.0,2015,192.0,61.0,36.0,-7.0,18.0,8.0,200.0,5.0,10.0,68
Here,Alessia Cara,POP,8.589906,82.0,2015,120.0,82.0,38.0,-4.0,8.0,33.0,199.0,8.0,10.0,68
I Lived,OneRepublic,POP,11.507962,85.0,2015,120.0,85.0,59.0,-5.0,27.0,34.0,235.0,7.0,4.0,67
Fireball (feat. John Ryan),Pitbull,POP,8.302253,87.0,2015,123.0,94.0,69.0,-5.0,5.0,79.0,235.0,9.0,6.0,67
Easy Love,Sigala,POP,1.244632,79.0,2015,124.0,94.0,68.0,-4.0,12.0,65.0,230.0,18.0,6.0,67
The Feeling,Justin Bieber,POP,43.755452000000005,98.0,2015,127.0,81.0,53.0,-6.0,10.0,21.0,245.0,8.0,6.0,67
I Really Like You,Carly Rae Jepsen,POP,4.512754,76.0,2015,122.0,81.0,62.0,-5.0,22.0,60.0,205.0,1.0,4.0,66
BO$$,Fifth Harmony,POP,12.370978,76.0,2015,103.0,87.0,81.0,-5.0,5.0,74.0,171.0,1.0,11.0,66
Sugar,Maroon 5,POP,29.955690999999998,91.0,2015,120.0,79.0,75.0,-7.0,9.0,88.0,235.0,6.0,3.0,66
Focus,Ariana Grande,POP,60.010425,97.0,2015,100.0,88.0,67.0,-6.0,44.0,79.0,211.0,27.0,24.0,66
All About That Bass,Meghan Trainor,POP,10.213531,81.0,2015,134.0,88.0,81.0,-4.0,11.0,96.0,189.0,5.0,5.0,65
On My Mind,Ellie Goulding,POP,9.247324,84.0,2015,155.0,71.0,70.0,-7.0,9.0,74.0,213.0,26.0,5.0,65
Love Me Like You,Little Mix,POP,8.853859,85.0,2015,106.0,67.0,79.0,-4.0,28.0,85.0,198.0,21.0,4.0,65
Broken Arrows,Avicii,DISCO,19.367148999999998,86.0,2015,116.0,67.0,63.0,-7.0,10.0,29.0,233.0,5.0,5.0,65
Booty,Jennifer Lopez,POP,9.663594,81.0,2015,129.0,95.0,71.0,-4.0,26.0,40.0,210.0,0.0,5.0,64
What Do You Mean? - Acoustic,Justin Bieber,POP,43.755452000000005,98.0,2015,125.0,36.0,77.0,-11.0,10.0,76.0,204.0,79.0,4.0,64
Mark My Words,Justin Bieber,POP,43.755452000000005,98.0,2015,114.0,26.0,38.0,-9.0,17.0,52.0,134.0,88.0,3.0,63
Lay It All on Me,Rudimental,POP,1.256618,78.0,2015,123.0,75.0,67.0,-7.0,19.0,48.0,242.0,14.0,4.0,62
American Oxygen,Rihanna,POP,41.858636,93.0,2015,78.0,75.0,39.0,-6.0,33.0,48.0,320.0,5.0,9.0,61
Bang Bang,Jessie J,POP,8.417336,77.0,2015,150.0,75.0,71.0,-4.0,38.0,73.0,199.0,27.0,9.0,61
Reality - Radio Edit,Lost Frequencies,UNKNOWN,2.092079,77.0,2015,122.0,70.0,71.0,-8.0,7.0,60.0,159.0,2.0,3.0,61
Alive,Sia,POP,19.105953,91.0,2015,100.0,76.0,51.0,-4.0,11.0,44.0,264.0,25.0,5.0,61
Sugar (feat. Francesco Yates),Robin Schulz,POP,2.6773860000000003,85.0,2015,123.0,82.0,64.0,-5.0,16.0,64.0,219.0,2.0,6.0,60
Been You,Justin Bieber,POP,43.755452000000005,98.0,2015,113.0,78.0,74.0,-6.0,32.0,86.0,199.0,2.0,7.0,60
Prayer in C - Robin Schulz Radio Edit,Lilly Wood and The Prick,POP,0.224754,66.0,2015,123.0,89.0,76.0,-5.0,62.0,78.0,189.0,2.0,3.0,58
See You Again (feat. Charlie Puth),Wiz Khalifa,HIPHOP,9.851189999999999,89.0,2015,80.0,48.0,69.0,-8.0,6.0,28.0,230.0,37.0,8.0,56
Heroes (we could be),Alesso,DISCO,3.5843550000000004,80.0,2015,126.0,75.0,52.0,-4.0,24.0,35.0,210.0,4.0,6.0,56
"Feel The Light - From The ""Home"" Soundtrack",Jennifer Lopez,POP,9.663594,81.0,2015,156.0,60.0,47.0,-6.0,9.0,4.0,292.0,33.0,5.0,55
Perfect,One Direction,POP,20.573,91.0,2015,100.0,82.0,65.0,-5.0,12.0,40.0,230.0,6.0,8.0,55
Ghosttown,Madonna,POP,4.889056,81.0,2015,79.0,55.0,54.0,-7.0,12.0,9.0,250.0,4.0,4.0,54
Bang My Head (feat. Sia & Fetty Wap),David Guetta,POP,22.306494,91.0,2015,108.0,87.0,60.0,-4.0,10.0,59.0,193.0,5.0,8.0,54
Bloodstream,Ed Sheeran,POP,77.890588,94.0,2015,89.0,59.0,48.0,-6.0,6.0,27.0,309.0,20.0,5.0,52
Living For Love,Madonna,POP,4.889056,81.0,2015,123.0,79.0,67.0,-5.0,25.0,39.0,219.0,4.0,9.0,52
Baby Don't Lie,Gwen Stefani,POP,4.5511610000000005,78.0,2015,100.0,55.0,69.0,-5.0,10.0,26.0,203.0,1.0,3.0,52
Don't Be so Hard on Yourself,Jess Glynne,POP,2.461045,80.0,2015,120.0,82.0,57.0,-3.0,16.0,66.0,211.0,6.0,3.0,52
Steal My Girl,One Direction,POP,20.573,91.0,2015,77.0,76.0,47.0,-6.0,14.0,52.0,227.0,0.0,4.0,51
"Celebrate (From the Original Motion Picture ""Penguins of Madagascar"")",Pitbull,POP,8.302253,87.0,2015,127.0,85.0,68.0,-3.0,6.0,93.0,193.0,1.0,6.0,50
We Are Here,Alicia Keys,HIPHOP,8.491202000000001,83.0,2015,93.0,67.0,64.0,-6.0,8.0,8.0,285.0,43.0,4.0,49
St Jude,Florence + The Machine,POP,5.513621,78.0,2015,117.0,43.0,26.0,-11.0,11.0,9.0,225.0,75.0,3.0,47
Yesterday (feat. Bebe Rexha),David Guetta,POP,22.306494,91.0,2015,128.0,78.0,57.0,-4.0,33.0,28.0,243.0,2.0,3.0,46
Time of Our Lives,Pitbull,POP,8.302253,87.0,2015,124.0,80.0,72.0,-6.0,69.0,72.0,229.0,9.0,6.0,45
Sparks,Hilary Duff,POP,1.798541,61.0,2015,122.0,88.0,85.0,-5.0,10.0,79.0,186.0,4.0,6.0,44
Mr. Put It Down,Ricky Martin,POP,5.801775,79.0,2015,128.0,78.0,80.0,-6.0,4.0,83.0,196.0,1.0,18.0,42
Legendary Lovers,Katy Perry,POP,17.821796,88.0,2015,126.0,84.0,62.0,-5.0,8.0,39.0,224.0,2.0,8.0,41
Spark The Fire,Gwen Stefani,POP,4.5511610000000005,78.0,2015,120.0,80.0,88.0,-4.0,20.0,54.0,202.0,8.0,6.0,39
Run Run Run,Kelly Clarkson,POP,7.493860000000001,79.0,2015,112.0,37.0,28.0,-7.0,11.0,8.0,273.0,45.0,4.0,36
Let Me Be Your Lover,Enrique Iglesias,POP,9.980979,81.0,2015,112.0,90.0,72.0,-4.0,6.0,88.0,238.0,1.0,13.0,34
Dangerous,Jennifer Hudson,POP,1.2674940000000001,64.0,2015,109.0,53.0,90.0,-5.0,8.0,65.0,255.0,0.0,5.0,18
L.A.LOVE (la la),Fergie,POP,4.3399019999999995,75.0,2015,202.0,39.0,48.0,-8.0,26.0,27.0,193.0,2.0,9.0,0
The Hills,The Weeknd,POP,30.336501000000002,98.0,2016,113.0,56.0,58.0,-7.0,14.0,14.0,242.0,7.0,5.0,84
Love Yourself,Justin Bieber,POP,43.755452000000005,98.0,2016,100.0,38.0,61.0,-10.0,28.0,52.0,234.0,84.0,44.0,83
Cake By The Ocean,DNCE,POP,3.6440550000000003,72.0,2016,119.0,75.0,77.0,-5.0,4.0,90.0,219.0,15.0,5.0,81
Don't Let Me Down,The Chainsmokers,POP,17.62492,86.0,2016,160.0,87.0,53.0,-5.0,14.0,42.0,208.0,16.0,17.0,81
In the Name of Love,Martin Garrix,DISCO,14.496326000000002,84.0,2016,134.0,52.0,50.0,-6.0,45.0,17.0,196.0,11.0,4.0,81
Into You,Ariana Grande,POP,60.010425,97.0,2016,108.0,73.0,62.0,-6.0,14.0,37.0,244.0,2.0,11.0,80
This Is What You Came For,Calvin Harris,POP,21.442367,88.0,2016,124.0,93.0,63.0,-3.0,15.0,47.0,222.0,20.0,3.0,80
Million Reasons,Lady Gaga,POP,16.716518,90.0,2016,130.0,42.0,67.0,-8.0,11.0,15.0,205.0,49.0,4.0,80
Needed Me,Rihanna,POP,41.858636,93.0,2016,111.0,31.0,67.0,-8.0,8.0,30.0,192.0,11.0,24.0,80
7 Years,Lukas Graham,POP,1.7848240000000002,78.0,2016,120.0,47.0,77.0,-6.0,39.0,34.0,237.0,29.0,5.0,80
"CAN'T STOP THE FEELING! (Original Song from DreamWorks Animation's ""TROLLS"")",Justin Timberlake,POP,10.515901,85.0,2016,113.0,83.0,67.0,-6.0,19.0,70.0,236.0,1.0,7.0,79
Work from Home (feat. Ty Dolla $ign),Fifth Harmony,POP,12.370978,76.0,2016,105.0,59.0,80.0,-6.0,6.0,59.0,214.0,10.0,4.0,79
Scars To Your Beautiful,Alessia Cara,POP,8.589906,82.0,2016,97.0,74.0,57.0,-6.0,11.0,45.0,230.0,3.0,13.0,79
Like I'm Gonna Lose You (feat. John Legend),Meghan Trainor,POP,10.213531,81.0,2016,108.0,53.0,63.0,-7.0,18.0,42.0,225.0,40.0,4.0,79
Work,Rihanna,POP,41.858636,93.0,2016,92.0,53.0,73.0,-6.0,9.0,56.0,219.0,8.0,9.0,78
Stitches,Shawn Mendes,POP,32.070046000000005,91.0,2016,150.0,75.0,75.0,-7.0,5.0,76.0,207.0,2.0,7.0,78
"Me, Myself & I",G-Eazy,HIPHOP,4.795313,85.0,2016,112.0,67.0,76.0,-7.0,16.0,38.0,251.0,2.0,10.0,78
I Took A Pill In Ibiza - Seeb Remix,Mike Posner,POP,1.123621,76.0,2016,102.0,71.0,66.0,-7.0,8.0,69.0,198.0,4.0,11.0,78
Dangerous Woman,Ariana Grande,POP,60.010425,97.0,2016,134.0,60.0,66.0,-5.0,36.0,29.0,236.0,5.0,4.0,78
Starving,Hailee Steinfeld,POP,6.617791,79.0,2016,100.0,62.0,73.0,-4.0,11.0,51.0,182.0,38.0,6.0,78
Shout Out to My Ex,Little Mix,POP,8.853859,85.0,2016,126.0,75.0,77.0,-4.0,11.0,80.0,246.0,2.0,9.0,77
Electric Love,BØRNS,POP,0.981865,76.0,2016,120.0,80.0,61.0,-8.0,26.0,52.0,218.0,1.0,5.0,76
Confident,Demi Lovato,POP,19.291866,87.0,2016,130.0,75.0,59.0,-6.0,9.0,34.0,206.0,0.0,7.0,75
Too Good,Drake,HIPHOP,53.806406,100.0,2016,118.0,65.0,79.0,-8.0,10.0,39.0,263.0,5.0,10.0,74
Roses,The Chainsmokers,POP,17.62492,86.0,2016,100.0,80.0,71.0,-7.0,31.0,34.0,227.0,4.0,6.0,74
Cold Water (feat. Justin Bieber & MØ),Major Lazer,POP,6.163312,82.0,2016,93.0,80.0,61.0,-5.0,16.0,50.0,185.0,7.0,4.0,73
Me Too,Meghan Trainor,POP,10.213531,81.0,2016,124.0,69.0,93.0,-6.0,48.0,84.0,181.0,10.0,10.0,73
Light It Up (feat. Nyla & Fuse ODG) [Remix],Major Lazer,POP,6.163312,82.0,2016,108.0,88.0,75.0,-4.0,23.0,75.0,166.0,4.0,7.0,73
Ain't Your Mama,Jennifer Lopez,POP,9.663594,81.0,2016,120.0,68.0,76.0,-6.0,7.0,82.0,218.0,5.0,23.0,72
Close,Nick Jonas,POP,7.1842,77.0,2016,124.0,62.0,65.0,-5.0,14.0,40.0,234.0,25.0,8.0,72
Toothbrush,DNCE,POP,3.6440550000000003,72.0,2016,105.0,79.0,55.0,-6.0,47.0,82.0,232.0,12.0,13.0,72
All We Know,The Chainsmokers,POP,17.62492,86.0,2016,90.0,59.0,66.0,-9.0,12.0,30.0,194.0,10.0,3.0,72
Final Song,MØ,POP,,,2016,105.0,67.0,70.0,-6.0,8.0,25.0,236.0,1.0,3.0,72
Company,Justin Bieber,POP,43.755452000000005,98.0,2016,95.0,80.0,59.0,-5.0,8.0,43.0,208.0,13.0,6.0,72
Hands To Myself,Selena Gomez,POP,26.161775,91.0,2016,111.0,50.0,81.0,-7.0,34.0,47.0,201.0,1.0,12.0,71
All I Ask,Adele,BLUES,26.369721999999996,86.0,2016,142.0,28.0,59.0,-5.0,15.0,34.0,272.0,88.0,3.0,71
"Just Like Fire (From the Original Motion Picture ""Alice Through The Looking Glass"")",P!nk,POP,10.558136,86.0,2016,163.0,70.0,63.0,-6.0,11.0,50.0,215.0,1.0,15.0,71
NO,Meghan Trainor,POP,10.213531,81.0,2016,92.0,80.0,56.0,-4.0,74.0,65.0,214.0,1.0,22.0,70
Kill Em With Kindness,Selena Gomez,POP,26.161775,91.0,2016,120.0,88.0,76.0,-5.0,10.0,40.0,218.0,1.0,4.0,70
Cool Girl,Tove Lo,POP,2.704375,81.0,2016,102.0,69.0,67.0,-7.0,8.0,20.0,199.0,31.0,11.0,69
Runnin' (Lose It All),Naughty Boy,DISCO,0.298039,65.0,2016,139.0,85.0,32.0,-6.0,48.0,8.0,213.0,1.0,8.0,69
Here,Alessia Cara,POP,8.589906,82.0,2016,120.0,82.0,38.0,-4.0,8.0,33.0,199.0,8.0,10.0,68
Perfect Illusion,Lady Gaga,POP,16.716518,90.0,2016,125.0,86.0,61.0,-5.0,36.0,66.0,182.0,0.0,4.0,67
PILLOWTALK,ZAYN,POP,15.091428,85.0,2016,125.0,70.0,59.0,-4.0,9.0,43.0,204.0,10.0,5.0,66
Out Of The Woods,Taylor Swift,POP,38.00574,98.0,2016,92.0,84.0,55.0,-7.0,34.0,34.0,236.0,0.0,4.0,66
Rise,Katy Perry,POP,17.821796,88.0,2016,101.0,64.0,55.0,-6.0,11.0,44.0,203.0,5.0,5.0,66
Wherever I Go,OneRepublic,POP,11.507962,85.0,2016,100.0,69.0,55.0,-6.0,27.0,35.0,170.0,9.0,4.0,66
Body Say,Demi Lovato,POP,19.291866,87.0,2016,87.0,74.0,63.0,-5.0,28.0,26.0,194.0,0.0,4.0,65
Don't Be A Fool,Shawn Mendes,POP,32.070046000000005,91.0,2016,175.0,34.0,47.0,-6.0,10.0,27.0,216.0,60.0,4.0,65
LIKE I WOULD,ZAYN,POP,15.091428,85.0,2016,113.0,83.0,56.0,-6.0,26.0,23.0,192.0,2.0,11.0,65
Cheap Thrills,Sia,POP,19.105953,91.0,2016,90.0,80.0,59.0,-5.0,8.0,73.0,225.0,6.0,22.0,64
I Got You,Bebe Rexha,POP,6.2235629999999995,85.0,2016,98.0,89.0,61.0,-5.0,9.0,32.0,192.0,5.0,5.0,64
Run Away With Me,Carly Rae Jepsen,POP,4.512754,76.0,2016,119.0,72.0,56.0,-6.0,5.0,25.0,251.0,1.0,5.0,63
Cruel (feat. ZAYN),Snakehips,POP,0.32995399999999997,70.0,2016,110.0,88.0,60.0,-4.0,16.0,32.0,228.0,2.0,12.0,63
Send My Love (To Your New Lover),Adele,BLUES,26.369721999999996,86.0,2016,164.0,52.0,69.0,-8.0,17.0,56.0,223.0,4.0,10.0,61
WTF (Where They From),Missy Elliott,POP,1.599309,77.0,2016,120.0,82.0,93.0,-3.0,6.0,56.0,193.0,2.0,20.0,58
Desire,Years & Years,POP,1.594948,73.0,2016,126.0,78.0,71.0,-5.0,30.0,64.0,203.0,30.0,6.0,58
When We Were Young,Adele,BLUES,26.369721999999996,86.0,2016,144.0,59.0,38.0,-6.0,9.0,27.0,291.0,35.0,5.0,58
I Know What You Did Last Summer,Shawn Mendes,POP,32.070046000000005,91.0,2016,114.0,77.0,68.0,-5.0,16.0,72.0,224.0,11.0,10.0,57
Wish That You Were Here - From Miss Peregrines Home for Peculiar Children Original Motion Picture,Florence + The Machine,POP,5.513621,78.0,2016,94.0,57.0,37.0,-6.0,13.0,12.0,403.0,72.0,3.0,57
Hurts,Emeli Sandé,POP,2.012163,71.0,2016,106.0,64.0,58.0,-8.0,15.0,18.0,238.0,2.0,3.0,57
Change,Christina Aguilera,POP,5.976217,83.0,2016,82.0,54.0,62.0,-6.0,13.0,20.0,187.0,68.0,8.0,54
Make Me... (feat. G-Eazy),Britney Spears,POP,8.732805,85.0,2016,123.0,70.0,70.0,-7.0,22.0,58.0,231.0,16.0,10.0,53
Keeping Your Head Up,Birdy,POP,3.222336,77.0,2016,122.0,78.0,60.0,-5.0,19.0,53.0,208.0,16.0,5.0,52
True Colors,Zedd,DISCO,5.400656,82.0,2016,126.0,79.0,57.0,-3.0,10.0,49.0,225.0,40.0,4.0,51
Make Me Like You,Gwen Stefani,POP,4.5511610000000005,78.0,2016,118.0,71.0,74.0,-5.0,13.0,80.0,217.0,4.0,5.0,50
Champagne Problems,Nick Jonas,POP,7.1842,77.0,2016,108.0,78.0,73.0,-5.0,9.0,64.0,193.0,0.0,13.0,50
Blown,DNCE,POP,3.6440550000000003,72.0,2016,130.0,95.0,63.0,-5.0,10.0,73.0,197.0,0.0,4.0,48
Start,John Legend,POP,5.566783,84.0,2016,110.0,4.0,52.0,-15.0,9.0,26.0,310.0,99.0,4.0,47
Pep Rally,Missy Elliott,POP,1.599309,77.0,2016,90.0,75.0,83.0,-4.0,20.0,32.0,263.0,22.0,12.0,47
Higher,Carly Rae Jepsen,POP,4.512754,76.0,2016,114.0,87.0,65.0,-5.0,37.0,44.0,234.0,1.0,6.0,46
Invitation,Britney Spears,POP,8.732805,85.0,2016,112.0,65.0,37.0,-7.0,9.0,16.0,200.0,3.0,11.0,44
One Call Away (feat. Tyga) - Remix,Charlie Puth,POP,12.666400999999999,83.0,2016,91.0,69.0,75.0,-5.0,13.0,52.0,192.0,26.0,4.0,41
Beautiful Birds (feat. Birdy),Passenger,POP,2.75047,78.0,2016,86.0,17.0,39.0,-13.0,11.0,14.0,214.0,91.0,3.0,36
Little Lies,Hilary Duff,POP,1.798541,61.0,2016,124.0,76.0,57.0,-6.0,4.0,40.0,204.0,0.0,6.0,36
Do You Wanna Come Over?,Britney Spears,POP,8.732805,85.0,2016,121.0,70.0,75.0,-6.0,11.0,45.0,203.0,1.0,7.0,34
BURNITUP!,Janet Jackson,POP,2.433459,72.0,2016,123.0,71.0,83.0,-7.0,31.0,83.0,250.0,5.0,18.0,31
Picky - Remix,Joey Montana,UNKNOWN,2.172482,67.0,2016,186.0,81.0,70.0,-3.0,37.0,69.0,225.0,9.0,7.0,29
Behind Your Back,Nelly Furtado,UNKNOWN,2.461986,79.0,2016,98.0,47.0,80.0,-10.0,7.0,69.0,228.0,25.0,4.0,18
Million Years Ago,Adele,BLUES,26.369721999999996,86.0,2016,0.0,0.0,0.0,-60.0,0.0,0.0,227.0,0.0,0.0,0
Shape of You,Ed Sheeran,POP,77.890588,94.0,2017,96.0,65.0,83.0,-3.0,9.0,93.0,234.0,58.0,8.0,87
Closer,The Chainsmokers,POP,17.62492,86.0,2017,95.0,52.0,75.0,-6.0,11.0,66.0,245.0,41.0,3.0,86
Starboy,The Weeknd,POP,30.336501000000002,98.0,2017,186.0,59.0,68.0,-7.0,14.0,49.0,230.0,14.0,28.0,85
Treat You Better,Shawn Mendes,POP,32.070046000000005,91.0,2017,83.0,82.0,44.0,-4.0,11.0,75.0,188.0,11.0,34.0,84
That's What I Like,Bruno Mars,POP,29.381078999999996,93.0,2017,134.0,56.0,85.0,-5.0,9.0,86.0,207.0,1.0,4.0,83
Let Me Love You,DJ Snake,DISCO,7.285783,84.0,2017,100.0,72.0,65.0,-5.0,14.0,16.0,206.0,9.0,3.0,82
I Feel It Coming,The Weeknd,POP,30.336501000000002,98.0,2017,93.0,82.0,77.0,-6.0,7.0,59.0,269.0,43.0,12.0,81
Mercy,Shawn Mendes,POP,32.070046000000005,91.0,2017,148.0,66.0,56.0,-5.0,11.0,36.0,209.0,13.0,8.0,81
Side To Side,Ariana Grande,POP,60.010425,97.0,2017,159.0,74.0,65.0,-6.0,24.0,61.0,226.0,5.0,23.0,80
Stay,Zedd,DISCO,5.400656,82.0,2017,102.0,62.0,69.0,-5.0,12.0,54.0,210.0,25.0,6.0,80
It Ain't Me (with Selena Gomez),Kygo,DISCO,7.304519,87.0,2017,100.0,53.0,64.0,-7.0,9.0,52.0,221.0,12.0,7.0,79
Malibu,Miley Cyrus,POP,14.537891,90.0,2017,140.0,78.0,57.0,-6.0,8.0,34.0,232.0,8.0,6.0,78
Something Just Like This,The Chainsmokers,POP,17.62492,86.0,2017,103.0,65.0,61.0,-7.0,17.0,51.0,248.0,3.0,4.0,78
Rockabye (feat. Sean Paul & Anne-Marie),Clean Bandit,POP,4.255196,82.0,2017,102.0,76.0,72.0,-4.0,18.0,74.0,251.0,41.0,5.0,78
I Dont Wanna Live Forever (Fifty Shades Darker),ZAYN,POP,15.091428,85.0,2017,118.0,45.0,74.0,-8.0,33.0,9.0,245.0,6.0,6.0,78
My Way,Calvin Harris,POP,21.442367,88.0,2017,120.0,91.0,82.0,-3.0,16.0,54.0,219.0,9.0,4.0,78
"I'm the One (feat. Justin Bieber, Quavo, Chance the Rapper & Lil Wayne)",DJ Khaled,POP,5.828279,83.0,2017,81.0,67.0,61.0,-4.0,17.0,81.0,289.0,6.0,4.0,77
Praying,Kesha,POP,6.235482,82.0,2017,73.0,39.0,58.0,-7.0,11.0,32.0,230.0,49.0,3.0,77
Despacito - Remix,Luis Fonsi,UNKNOWN,9.296058,81.0,2017,178.0,82.0,65.0,-4.0,10.0,82.0,229.0,23.0,17.0,76
The Greatest,Sia,POP,19.105953,91.0,2017,192.0,73.0,67.0,-6.0,6.0,73.0,210.0,1.0,27.0,76
There for You,Martin Garrix,DISCO,14.496326000000002,84.0,2017,106.0,64.0,61.0,-8.0,12.0,13.0,222.0,12.0,6.0,76
Paris,The Chainsmokers,POP,17.62492,86.0,2017,100.0,64.0,65.0,-7.0,9.0,25.0,222.0,2.0,3.0,76
Crying in the Club,Camila Cabello,POP,20.677702,86.0,2017,85.0,62.0,33.0,-6.0,16.0,60.0,216.0,33.0,38.0,75
Mama,Jonas Blue,POP,3.1737900000000003,81.0,2017,104.0,79.0,74.0,-4.0,5.0,57.0,184.0,10.0,4.0,75
Slide (feat. Frank Ocean & Migos),Calvin Harris,POP,21.442367,88.0,2017,104.0,80.0,74.0,-3.0,25.0,51.0,231.0,50.0,5.0,75
Swish Swish,Katy Perry,POP,17.821796,88.0,2017,120.0,71.0,84.0,-5.0,10.0,57.0,243.0,2.0,4.0,73
Chained To The Rhythm,Katy Perry,POP,17.821796,88.0,2017,190.0,80.0,45.0,-5.0,20.0,47.0,238.0,8.0,17.0,72
Cold (feat. Future),Maroon 5,POP,29.955690999999998,91.0,2017,100.0,72.0,69.0,-6.0,5.0,41.0,234.0,14.0,11.0,72
Love,Lana Del Rey,POP,12.552754,90.0,2017,99.0,37.0,53.0,-11.0,11.0,23.0,273.0,49.0,3.0,72
Reggaetón Lento (Remix),CNCO,POP,7.496180000000001,80.0,2017,94.0,91.0,53.0,-3.0,10.0,62.0,189.0,15.0,9.0,71
All I Ask,Adele,BLUES,26.369721999999996,86.0,2017,142.0,28.0,59.0,-5.0,15.0,34.0,272.0,88.0,3.0,71
First Time,Kygo,DISCO,7.304519,87.0,2017,90.0,59.0,63.0,-7.0,10.0,68.0,194.0,20.0,11.0,71
The Cure,Lady Gaga,POP,16.716518,90.0,2017,100.0,51.0,70.0,-5.0,9.0,52.0,211.0,8.0,3.0,71
"How Far I'll Go - From ""Moana""",Alessia Cara,POP,8.589906,82.0,2017,181.0,54.0,31.0,-10.0,7.0,16.0,176.0,16.0,35.0,71
Bodak Yellow,Cardi B,POP,15.298653,91.0,2017,125.0,72.0,93.0,-6.0,35.0,46.0,224.0,7.0,11.0,70
Rich Love (with Seeb),OneRepublic,POP,11.507962,85.0,2017,105.0,87.0,40.0,-4.0,36.0,47.0,201.0,17.0,31.0,70
Tired,Alan Walker,DISCO,27.623263,86.0,2017,124.0,88.0,69.0,-4.0,15.0,49.0,192.0,4.0,6.0,70
Came Here for Love,Sigala,POP,1.244632,79.0,2017,125.0,87.0,71.0,-3.0,12.0,72.0,203.0,3.0,4.0,70
24K Magic,Bruno Mars,POP,29.381078999999996,93.0,2017,107.0,80.0,82.0,-4.0,15.0,63.0,226.0,3.0,8.0,69
Strip That Down (feat. Quavo),Liam Payne,POP,7.423058999999999,76.0,2017,106.0,50.0,87.0,-5.0,8.0,55.0,202.0,20.0,5.0,69
Cut To The Feeling,Carly Rae Jepsen,POP,4.512754,76.0,2017,115.0,91.0,71.0,-3.0,30.0,65.0,208.0,1.0,6.0,69
OK - Spotify Version,Robin Schulz,POP,2.6773860000000003,85.0,2017,122.0,81.0,65.0,-6.0,13.0,58.0,189.0,12.0,6.0,69
Bon appétit,Katy Perry,POP,17.821796,88.0,2017,106.0,79.0,80.0,-6.0,22.0,52.0,228.0,13.0,6.0,68
Summer Bummer (feat. A$AP Rocky & Playboi Carti),Lana Del Rey,POP,12.552754,90.0,2017,135.0,57.0,76.0,-9.0,20.0,14.0,261.0,2.0,13.0,67
Get Low (with Liam Payne),Zedd,DISCO,5.400656,82.0,2017,108.0,93.0,72.0,-4.0,5.0,54.0,205.0,3.0,5.0,66
Kissing Strangers,DNCE,POP,3.6440550000000003,72.0,2017,120.0,74.0,77.0,-6.0,9.0,86.0,202.0,5.0,4.0,66
Slow Hands,Niall Horan,POP,6.983028999999999,83.0,2017,86.0,42.0,74.0,-7.0,6.0,85.0,188.0,1.0,5.0,64
Younger Now,Miley Cyrus,POP,14.537891,90.0,2017,122.0,87.0,55.0,-5.0,14.0,33.0,249.0,0.0,6.0,62
Body Moves,DNCE,POP,3.6440550000000003,72.0,2017,102.0,69.0,65.0,-5.0,4.0,86.0,236.0,0.0,4.0,62
Reality (feat. Janieck Devy) - Radio Edit,Lost Frequencies,UNKNOWN,2.092079,77.0,2017,122.0,64.0,73.0,-7.0,8.0,53.0,158.0,2.0,4.0,59
Angel,Fifth Harmony,POP,12.370978,76.0,2017,124.0,53.0,74.0,-6.0,35.0,13.0,189.0,0.0,4.0,59
Touch (feat. Kid Ink),Little Mix,POP,8.853859,85.0,2017,102.0,75.0,64.0,-4.0,49.0,53.0,203.0,4.0,11.0,59
We Don't Talk Anymore - DROELOE Remix,Charlie Puth,POP,12.666400999999999,83.0,2017,100.0,82.0,70.0,-5.0,45.0,67.0,218.0,49.0,22.0,59
Love Incredible (feat. Camila Cabello),Cashmere Cat,UNKNOWN,0.309205,63.0,2017,167.0,50.0,37.0,-9.0,20.0,21.0,180.0,6.0,12.0,59
No Vacancy (with Sebastián Yatra),OneRepublic,POP,11.507962,85.0,2017,100.0,76.0,69.0,-4.0,14.0,59.0,223.0,8.0,4.0,57
Rich Boy,Galantis,DISCO,3.056855,79.0,2017,110.0,90.0,74.0,-2.0,8.0,65.0,184.0,7.0,5.0,55
Lust for Life (with The Weeknd),Lana Del Rey,POP,12.552754,90.0,2017,100.0,67.0,51.0,-9.0,36.0,27.0,264.0,58.0,6.0,54
Greenlight (feat. Flo Rida & LunchMoney Lewis),Pitbull,POP,8.302253,87.0,2017,115.0,83.0,70.0,-6.0,36.0,63.0,245.0,28.0,27.0,54
Influence,Tove Lo,POP,2.704375,81.0,2017,105.0,59.0,77.0,-10.0,11.0,33.0,225.0,10.0,5.0,54
Remember I Told You,Nick Jonas,POP,7.1842,77.0,2017,113.0,53.0,68.0,-6.0,4.0,84.0,202.0,14.0,28.0,53
Messin' Around,Pitbull,POP,8.302253,87.0,2017,158.0,81.0,57.0,-5.0,4.0,78.0,223.0,2.0,5.0,51
Water Under the Bridge,Adele,BLUES,26.369721999999996,86.0,2017,95.0,84.0,60.0,-7.0,11.0,47.0,240.0,2.0,7.0,49
Free Me,Sia,POP,19.105953,91.0,2017,87.0,46.0,27.0,-4.0,14.0,21.0,286.0,85.0,3.0,44
Kissing Strangers - Remix,DNCE,POP,3.6440550000000003,72.0,2017,120.0,77.0,76.0,-6.0,8.0,81.0,202.0,8.0,5.0,43
A L I E N S,Coldplay,ROCK,29.455218,90.0,2017,148.0,88.0,43.0,-5.0,21.0,25.0,282.0,0.0,4.0,41
One Kiss (with Dua Lipa),Calvin Harris,POP,21.442367,88.0,2018,124.0,86.0,79.0,-3.0,8.0,59.0,215.0,4.0,11.0,86
Havana (feat. Young Thug),Camila Cabello,POP,20.677702,86.0,2018,105.0,52.0,77.0,-4.0,13.0,39.0,217.0,18.0,3.0,85
I Like It,Cardi B,POP,15.298653,91.0,2018,136.0,73.0,82.0,-4.0,37.0,65.0,253.0,10.0,13.0,85
New Rules,Dua Lipa,POP,23.579173,96.0,2018,116.0,70.0,76.0,-6.0,15.0,61.0,209.0,0.0,7.0,84
There's Nothing Holdin' Me Back,Shawn Mendes,POP,32.070046000000005,91.0,2018,122.0,81.0,87.0,-4.0,8.0,97.0,199.0,38.0,6.0,84
no tears left to cry,Ariana Grande,POP,60.010425,97.0,2018,122.0,71.0,70.0,-6.0,29.0,35.0,206.0,4.0,6.0,84
IDGAF,Dua Lipa,POP,23.579173,96.0,2018,97.0,54.0,84.0,-6.0,8.0,51.0,218.0,4.0,9.0,84
In My Blood,Shawn Mendes,POP,32.070046000000005,91.0,2018,140.0,71.0,62.0,-7.0,13.0,49.0,211.0,6.0,7.0,83
Wolves,Selena Gomez,POP,26.161775,91.0,2018,125.0,80.0,72.0,-5.0,20.0,31.0,198.0,12.0,4.0,83
Dusk Till Dawn - Radio Edit,ZAYN,POP,15.091428,85.0,2018,180.0,44.0,26.0,-7.0,11.0,10.0,239.0,10.0,4.0,83
Attention,Charlie Puth,POP,12.666400999999999,83.0,2018,100.0,61.0,78.0,-5.0,13.0,80.0,209.0,11.0,5.0,83
Electricity (with Dua Lipa),Silk City,DISCO,0.065438,69.0,2018,118.0,67.0,59.0,-6.0,34.0,51.0,238.0,1.0,5.0,82
Love On The Brain,Rihanna,POP,41.858636,93.0,2018,172.0,64.0,51.0,-5.0,8.0,38.0,224.0,7.0,5.0,82
"Let Me Go (with Alesso, Florida Georgia Line & watt)",Hailee Steinfeld,POP,6.617791,79.0,2018,103.0,71.0,66.0,-4.0,8.0,74.0,175.0,3.0,5.0,82
Silence,Marshmello,UNKNOWN,29.93552,90.0,2018,142.0,76.0,52.0,-3.0,17.0,29.0,181.0,26.0,9.0,82
Sorry Not Sorry,Demi Lovato,POP,19.291866,87.0,2018,144.0,64.0,71.0,-7.0,26.0,89.0,204.0,2.0,23.0,81
Shallow - Radio Edit,Lady Gaga,POP,16.716518,90.0,2018,96.0,33.0,57.0,-7.0,9.0,28.0,217.0,42.0,3.0,80
These Days,Rudimental,POP,1.256618,78.0,2018,92.0,81.0,65.0,-4.0,17.0,55.0,211.0,19.0,5.0,80
What Lovers Do (feat. SZA),Maroon 5,POP,29.955690999999998,91.0,2018,110.0,60.0,80.0,-5.0,10.0,42.0,200.0,8.0,6.0,79
Finesse - Remix; feat. Cardi B,Bruno Mars,POP,29.381078999999996,93.0,2018,105.0,86.0,70.0,-5.0,2.0,93.0,217.0,2.0,10.0,78
Perfect Duet (Ed Sheeran & Beyoncé),Ed Sheeran,POP,77.890588,94.0,2018,95.0,30.0,59.0,-7.0,12.0,36.0,260.0,78.0,3.0,78
Bad At Love,Halsey,POP,14.352317000000001,90.0,2018,118.0,75.0,68.0,-4.0,9.0,61.0,181.0,6.0,3.0,78
Him & I (with Halsey),G-Eazy,HIPHOP,4.795313,85.0,2018,88.0,73.0,59.0,-6.0,31.0,19.0,269.0,5.0,9.0,78
Friends (with BloodPop®),Justin Bieber,POP,43.755452000000005,98.0,2018,105.0,73.0,74.0,-5.0,30.0,62.0,189.0,0.0,4.0,77
Wild Thoughts (feat. Rihanna & Bryson Tiller),DJ Khaled,POP,5.828279,83.0,2018,98.0,67.0,67.0,-3.0,12.0,63.0,204.0,3.0,7.0,76
My My My!,Troye Sivan,POP,5.491266,80.0,2018,103.0,46.0,70.0,-8.0,5.0,48.0,205.0,0.0,8.0,76
Capital Letters,Hailee Steinfeld,POP,6.617791,79.0,2018,100.0,81.0,66.0,-6.0,5.0,46.0,219.0,3.0,8.0,76
Sick Boy,The Chainsmokers,POP,17.62492,86.0,2018,90.0,58.0,66.0,-8.0,12.0,45.0,193.0,11.0,5.0,76
Tequila,Dan + Shay,COUNTRY,2.152836,81.0,2018,86.0,59.0,47.0,-6.0,13.0,50.0,196.0,3.0,3.0,76
Look What You Made Me Do,Taylor Swift,POP,38.00574,98.0,2018,128.0,71.0,77.0,-6.0,13.0,51.0,212.0,20.0,12.0,75
Youth (feat. Khalid),Shawn Mendes,POP,32.070046000000005,91.0,2018,100.0,60.0,53.0,-7.0,13.0,32.0,191.0,56.0,12.0,75
Bad Liar,Selena Gomez,POP,26.161775,91.0,2018,121.0,41.0,97.0,-6.0,8.0,73.0,215.0,19.0,7.0,75
Anywhere,Rita Ora,POP,6.478575,80.0,2018,107.0,80.0,63.0,-4.0,10.0,32.0,215.0,4.0,6.0,74
Say Something,Justin Timberlake,POP,10.515901,85.0,2018,97.0,63.0,71.0,-7.0,8.0,37.0,279.0,10.0,8.0,74
Chun-Li,Nicki Minaj,POP,20.733813,91.0,2018,129.0,73.0,69.0,-5.0,11.0,48.0,192.0,28.0,37.0,73
Sign of the Times,Harry Styles,POP,13.543091,91.0,2018,120.0,57.0,52.0,-5.0,11.0,21.0,341.0,3.0,3.0,72
Familiar,Liam Payne,POP,7.423058999999999,76.0,2018,93.0,81.0,64.0,-5.0,8.0,91.0,197.0,2.0,33.0,72
Let Me,ZAYN,POP,15.091428,85.0,2018,168.0,57.0,46.0,-6.0,10.0,19.0,185.0,24.0,5.0,72
Supernova,Ansel Elgort,POP,0.739741,59.0,2018,140.0,62.0,77.0,-5.0,21.0,68.0,191.0,6.0,10.0,72
Nervous,Shawn Mendes,POP,32.070046000000005,91.0,2018,122.0,62.0,84.0,-7.0,13.0,74.0,164.0,4.0,8.0,71
First Time,Kygo,DISCO,7.304519,87.0,2018,90.0,59.0,63.0,-7.0,10.0,68.0,194.0,20.0,11.0,71
End Game,Taylor Swift,POP,38.00574,98.0,2018,159.0,59.0,65.0,-6.0,11.0,15.0,245.0,1.0,6.0,70
Mi Gente (feat. Beyoncé),J Balvin,UNKNOWN,26.894153000000003,96.0,2018,105.0,72.0,76.0,-6.0,23.0,47.0,210.0,2.0,8.0,68
Lemon,N.E.R.D,HIPHOP,0.6508550000000001,64.0,2018,95.0,73.0,92.0,-7.0,12.0,20.0,220.0,0.0,9.0,68
For You (With Rita Ora),Liam Payne,POP,7.423058999999999,76.0,2018,113.0,80.0,54.0,-5.0,42.0,18.0,243.0,2.0,3.0,67
Want To,Dua Lipa,POP,23.579173,96.0,2018,92.0,69.0,57.0,-5.0,6.0,32.0,212.0,8.0,12.0,67
What I Need (feat. Kehlani),Hayley Kiyoko,POP,1.3860700000000001,67.0,2018,104.0,79.0,63.0,-4.0,16.0,41.0,220.0,5.0,6.0,67
Wait,Maroon 5,POP,29.955690999999998,91.0,2018,126.0,60.0,66.0,-5.0,11.0,45.0,191.0,10.0,6.0,67
What About Us,P!nk,POP,10.558136,86.0,2018,114.0,59.0,39.0,-6.0,9.0,19.0,272.0,3.0,6.0,66
Kissing Strangers,DNCE,POP,3.6440550000000003,72.0,2018,120.0,74.0,77.0,-6.0,9.0,86.0,202.0,5.0,4.0,66
2U (feat. Justin Bieber),David Guetta,POP,22.306494,91.0,2018,145.0,61.0,53.0,-7.0,23.0,53.0,195.0,23.0,6.0,65
Walk On Water (feat. Beyoncé),Eminem,HIPHOP,42.79582,95.0,2018,82.0,44.0,48.0,-10.0,64.0,62.0,304.0,81.0,24.0,65
This Town,Niall Horan,POP,6.983028999999999,83.0,2018,112.0,41.0,68.0,-8.0,12.0,20.0,233.0,70.0,3.0,64
"Girls (feat. Cardi B, Bebe Rexha & Charli XCX)",Rita Ora,POP,6.478575,80.0,2018,94.0,69.0,73.0,-4.0,10.0,42.0,221.0,2.0,5.0,64
MOVE TO MIAMI,Enrique Iglesias,POP,9.980979,81.0,2018,100.0,87.0,76.0,-4.0,7.0,90.0,169.0,3.0,5.0,64
Miss You (with Major Lazer & Tory Lanez),Cashmere Cat,UNKNOWN,0.309205,63.0,2018,100.0,64.0,75.0,-5.0,11.0,45.0,186.0,25.0,9.0,64
Filthy,Justin Timberlake,POP,10.515901,85.0,2018,97.0,58.0,75.0,-6.0,25.0,65.0,294.0,4.0,14.0,62
Never Be the Same - Radio Edit,Camila Cabello,POP,20.677702,86.0,2018,130.0,69.0,63.0,-4.0,12.0,25.0,227.0,16.0,9.0,57
Ferrari,Bebe Rexha,POP,6.2235629999999995,85.0,2018,77.0,48.0,58.0,-6.0,10.0,42.0,213.0,2.0,3.0,57
Supplies,Justin Timberlake,POP,10.515901,85.0,2018,120.0,55.0,79.0,-7.0,13.0,23.0,226.0,1.0,5.0,57
Boom Boom,RedOne,POP,0.044695,53.0,2018,110.0,76.0,75.0,-8.0,20.0,58.0,248.0,0.0,5.0,53
...Ready For It? - BloodPop® Remix,Taylor Swift,POP,38.00574,98.0,2018,160.0,84.0,58.0,-5.0,10.0,50.0,190.0,13.0,22.0,52
Drip (feat. Migos),Cardi B,POP,15.298653,91.0,2018,130.0,59.0,97.0,-8.0,8.0,27.0,264.0,5.0,26.0,45
Tell Me You Love Me - NOTD Remix,Demi Lovato,POP,19.291866,87.0,2018,102.0,77.0,58.0,-5.0,9.0,76.0,182.0,5.0,8.0,44
Memories,Maroon 5,POP,29.955690999999998,91.0,2019,91.0,32.0,76.0,-7.0,8.0,57.0,189.0,84.0,5.0,99
Lose You To Love Me,Selena Gomez,POP,26.161775,91.0,2019,102.0,34.0,51.0,-9.0,21.0,9.0,206.0,58.0,4.0,97
Someone You Loved,Lewis Capaldi,POP,7.3179240000000005,87.0,2019,110.0,41.0,50.0,-6.0,11.0,45.0,182.0,75.0,3.0,96
Señorita,Shawn Mendes,POP,32.070046000000005,91.0,2019,117.0,54.0,76.0,-6.0,9.0,75.0,191.0,4.0,3.0,95
How Do You Sleep?,Sam Smith,POP,15.89189,89.0,2019,111.0,68.0,48.0,-5.0,8.0,35.0,202.0,15.0,9.0,93
South of the Border (feat. Camila Cabello & Cardi B),Ed Sheeran,POP,77.890588,94.0,2019,98.0,62.0,86.0,-6.0,9.0,67.0,204.0,15.0,8.0,92
Trampoline (with ZAYN),SHAED,POP,0.12805,70.0,2019,127.0,46.0,62.0,-6.0,14.0,50.0,184.0,56.0,3.0,92
Happier,Marshmello,UNKNOWN,29.93552,90.0,2019,100.0,79.0,69.0,-3.0,17.0,67.0,214.0,19.0,5.0,90
Truth Hurts,Lizzo,UNKNOWN,3.707457,79.0,2019,158.0,62.0,72.0,-3.0,12.0,41.0,173.0,11.0,11.0,90
Good as Hell (feat. Ariana Grande) - Remix,Lizzo,UNKNOWN,3.707457,79.0,2019,96.0,89.0,67.0,-3.0,74.0,48.0,159.0,30.0,6.0,90
Higher Love,Kygo,DISCO,7.304519,87.0,2019,104.0,68.0,69.0,-7.0,10.0,40.0,228.0,2.0,3.0,88
Only Human,Jonas Brothers,POP,5.067963,81.0,2019,94.0,50.0,80.0,-6.0,6.0,87.0,183.0,11.0,7.0,87
Beautiful People (feat. Khalid),Ed Sheeran,POP,77.890588,94.0,2019,93.0,65.0,64.0,-8.0,8.0,55.0,198.0,12.0,19.0,86
Sucker,Jonas Brothers,POP,5.067963,81.0,2019,138.0,73.0,84.0,-5.0,11.0,95.0,181.0,4.0,6.0,86
Don't Call Me Up,Mabel,POP,1.23117,80.0,2019,99.0,88.0,67.0,-3.0,8.0,23.0,178.0,30.0,15.0,86
I Don't Care (with Justin Bieber),Ed Sheeran,POP,77.890588,94.0,2019,102.0,68.0,80.0,-5.0,9.0,84.0,220.0,9.0,4.0,85
Talk (feat. Disclosure),Khalid,POP,13.613187,93.0,2019,136.0,40.0,90.0,-9.0,6.0,35.0,198.0,5.0,13.0,84
Giant (with Rag'n'Bone Man),Calvin Harris,POP,21.442367,88.0,2019,122.0,89.0,81.0,-4.0,8.0,61.0,229.0,2.0,4.0,84
Takeaway,The Chainsmokers,POP,17.62492,86.0,2019,100.0,51.0,53.0,-8.0,10.0,35.0,210.0,13.0,3.0,83
All Around The World (La La La),R3HAB,DISCO,2.157515,83.0,2019,125.0,86.0,73.0,-5.0,11.0,52.0,148.0,48.0,3.0,82
Girls Like You (feat. Cardi B),Maroon 5,POP,29.955690999999998,91.0,2019,125.0,54.0,85.0,-7.0,13.0,45.0,236.0,57.0,5.0,81
Call You Mine,The Chainsmokers,POP,17.62492,86.0,2019,104.0,70.0,59.0,-6.0,34.0,52.0,218.0,20.0,3.0,81
No Guidance (feat. Drake),Chris Brown,POP,13.353299,91.0,2019,93.0,45.0,70.0,-7.0,16.0,14.0,261.0,12.0,15.0,81
Antisocial (with Travis Scott),Ed Sheeran,POP,77.890588,94.0,2019,152.0,82.0,72.0,-5.0,36.0,91.0,162.0,13.0,5.0,78
"Taki Taki (feat. Selena Gomez, Ozuna & Cardi B)",DJ Snake,DISCO,7.285783,84.0,2019,96.0,80.0,84.0,-4.0,6.0,62.0,213.0,16.0,23.0,77
Con Calma - Remix,Daddy Yankee,UNKNOWN,22.563709,92.0,2019,94.0,87.0,74.0,-3.0,4.0,61.0,181.0,17.0,5.0,76
Find U Again (feat. Camila Cabello),Mark Ronson,POP,0.8966729999999999,81.0,2019,104.0,66.0,61.0,-7.0,20.0,16.0,176.0,1.0,3.0,75
Cross Me (feat. Chance the Rapper & PnB Rock),Ed Sheeran,POP,77.890588,94.0,2019,95.0,79.0,75.0,-6.0,7.0,61.0,206.0,21.0,12.0,75
"No Brainer (feat. Justin Bieber, Chance the Rapper & Quavo)",DJ Khaled,POP,5.828279,83.0,2019,136.0,76.0,53.0,-5.0,9.0,65.0,260.0,7.0,34.0,70
Nothing Breaks Like a Heart (feat. Miley Cyrus),Mark Ronson,POP,0.8966729999999999,81.0,2019,114.0,79.0,60.0,-6.0,42.0,24.0,217.0,1.0,7.0,69
Kills You Slowly,The Chainsmokers,POP,17.62492,86.0,2019,150.0,44.0,70.0,-9.0,13.0,23.0,213.0,6.0,6.0,67
Blinding Lights,The Weeknd,POP,30.336501000000002,98.0,2020,171.005,0.73,0.514,-5.934,0.0897,0.334,200.04,0.00146,0.0598,96
Dance Monkey,Tones And I,POP,2.671415,82.0,2020,98.078,0.593,0.825,-6.401,0.17,0.54,209.755,0.688,0.0988,69
The Box,Roddy Ricch,HIPHOP,5.800832,89.0,2020,116.971,0.586,0.8959999999999999,-6.687,0.79,0.642,196.653,0.104,0.0559,88
Roses - Imanbek Remix,SAINt JHN,HIPHOP,0.677917,82.0,2020,121.962,0.721,0.785,-5.457000000000002,0.285,0.894,176.21900000000005,0.0149,0.0506,67
Don't Start Now,Dua Lipa,POP,23.579173,96.0,2020,123.95,0.7929999999999999,0.7929999999999999,-4.521,0.0951,0.679,183.29,0.0123,0.083,84
ROCKSTAR (feat. Roddy Ricch),DaBaby,HIPHOP,6.215669,94.0,2020,89.977,0.69,0.746,-7.956,0.101,0.4970000000000001,181.733,0.247,0.16399999999999998,91
Watermelon Sugar,Harry Styles,POP,13.543091,91.0,2020,95.39,0.816,0.5479999999999999,-4.209,0.335,0.557,174.0,0.122,0.0465,91
death bed (coffee for your head),Powfu,HIPHOP,0.827285,81.0,2020,144.026,0.431,0.726,-8.765,0.696,0.348,173.333,0.731,0.135,89
Falling,Trevor Daniel,POP,0.588642,78.0,2020,127.087,0.43,0.784,-8.756,0.0887,0.236,159.382,0.123,0.0364,78
Someone You Loved,Lewis Capaldi,POP,7.3179240000000005,87.0,2020,109.891,0.405,0.501,-5.6789999999999985,0.105,0.446,182.161,0.7509999999999999,0.0319,90
Tusa,KAROL G,UNKNOWN,15.520732999999998,89.0,2020,101.085,0.715,0.8029999999999999,-3.28,0.0574,0.574,200.96,0.295,0.298,86
ROXANNE,Arizona Zervas,POP,0.5887180000000001,77.0,2020,116.735,0.601,0.621,-5.6160000000000005,0.46,0.457,163.636,0.0522,0.14800000000000002,85
Circles,Post Malone,HIPHOP,31.803755,94.0,2020,120.042,0.762,0.695,-3.497,0.0863,0.5529999999999999,215.28,0.192,0.0395,89
Blueberry Faygo,Lil Mosey,HIPHOP,3.464437,83.0,2020,99.034,0.5539999999999999,0.774,-7.909,0.132,0.349,162.547,0.207,0.0383,82
Intentions (feat. Quavo),Justin Bieber,POP,43.755452000000005,98.0,2020,147.986,0.546,0.8059999999999999,-6.6370000000000005,0.102,0.8740000000000001,212.867,0.3,0.0575,81
Toosie Slide,Drake,HIPHOP,53.806406,100.0,2020,81.604,0.49,0.83,-8.82,0.113,0.845,247.05900000000003,0.289,0.209,77
Before You Go,Lewis Capaldi,POP,7.3179240000000005,87.0,2020,111.881,0.575,0.459,-4.8580000000000005,0.0885,0.183,215.107,0.604,0.0573,85
Say So,Doja Cat,POP,5.842296,92.0,2020,110.962,0.6729999999999999,0.787,-4.577,0.0904,0.7859999999999999,237.893,0.256,0.158,85
Memories,Maroon 5,POP,29.955690999999998,91.0,2020,91.019,0.32,0.764,-7.209,0.0822,0.575,189.486,0.8370000000000001,0.0546,88
Life Is Good (feat. Drake),Future,HIPHOP,10.010064,91.0,2020,142.053,0.574,0.795,-6.903,0.15,0.537,237.918,0.067,0.487,77
Savage Love (Laxed - Siren Beat),Jawsh 685,POP,0.084888,78.0,2020,150.076,0.481,0.767,-8.52,0.269,0.7609999999999999,171.375,0.234,0.0803,87
Adore You,Harry Styles,POP,13.543091,91.0,2020,99.048,0.7709999999999999,0.6759999999999999,-3.675,0.102,0.569,207.133,0.0237,0.0483,87
Breaking Me,Topic,POP,0.131681,84.0,2020,122.031,0.72,0.789,-5.652,0.129,0.664,166.794,0.223,0.218,88
Mood (feat. iann dior),24kGoldn,HIPHOP,0.87792,88.0,2020,90.989,0.722,0.7,-3.5580000000000003,0.272,0.7559999999999999,140.526,0.221,0.0369,95
everything i wanted,Billie Eilish,POP,40.940273,94.0,2020,120.006,0.225,0.7040000000000001,-14.454,0.106,0.243,245.426,0.902,0.0994,86
Señorita,Shawn Mendes,POP,32.070046000000005,91.0,2020,116.967,0.5479999999999999,0.759,-6.049,0.0828,0.7490000000000001,190.8,0.0392,0.029,82
bad guy,Billie Eilish,POP,40.940273,94.0,2020,135.128,0.425,0.701,-10.965,0.1,0.562,194.088,0.328,0.375,88
WAP (feat. Megan Thee Stallion),Cardi B,POP,15.298653,91.0,2020,133.07299999999998,0.454,0.935,-7.508999999999999,0.0824,0.35700000000000004,187.541,0.0194,0.375,90
Sunday Best,Surfaces,UNKNOWN,0.66718,77.0,2020,112.022,0.525,0.878,-6.832000000000002,0.0714,0.6940000000000001,158.571,0.183,0.0578,83
Godzilla (feat. Juice WRLD),Eminem,HIPHOP,42.79582,95.0,2020,165.995,0.745,0.8079999999999999,-5.26,0.292,0.8290000000000001,210.8,0.145,0.342,86
Yummy,Justin Bieber,POP,43.755452000000005,98.0,2020,145.842,0.506,0.6759999999999999,-6.652,0.118,0.4970000000000001,208.52,0.345,0.0958,75
Break My Heart,Dua Lipa,POP,23.579173,96.0,2020,113.013,0.7290000000000001,0.73,-3.434,0.349,0.467,221.82,0.16699999999999998,0.0883,84
Dynamite,BTS,POP,30.655229,97.0,2020,114.044,0.765,0.746,-4.41,0.0936,0.737,199.054,0.0112,0.0993,83
Supalonely (feat. Gus Dapperton),BENEE,UNKNOWN,0.5982970000000001,76.0,2020,128.97799999999998,0.631,0.862,-4.746,0.123,0.841,223.488,0.29100000000000004,0.0515,66
ily (i love you baby) (feat. Emilee),Surf Mesa,DISCO,0.121136,75.0,2020,112.05,0.774,0.674,-7.567,0.393,0.33,176.547,0.0686,0.0892,85
Rain On Me (with Ariana Grande),Lady Gaga,POP,16.716518,90.0,2020,123.056,0.855,0.672,-3.764,0.32299999999999995,0.6459999999999999,182.2,0.021,0.0397,80
HIGHEST IN THE ROOM,Travis Scott,HIPHOP,15.762151000000001,95.0,2020,76.469,0.4270000000000001,0.598,-8.764,0.21,0.0605,175.72099999999998,0.0546,0.0317,87
Sunflower - Spider-Man: Into the Spider-Verse,Post Malone,HIPHOP,31.803755,94.0,2020,89.96,0.522,0.755,-4.368,0.0685,0.925,157.56,0.5329999999999999,0.0575,82
Hawái,Maluma,HIPHOP,24.656159,92.0,2020,180.067,0.727,0.7829999999999999,-3.454,0.0626,0.5579999999999999,199.112,0.185,0.389,85
Ride It,Regard,DISCO,0.122849,79.0,2020,117.948,0.7509999999999999,0.88,-4.258,0.106,0.884,157.606,0.177,0.0874,86
goosebumps,Travis Scott,HIPHOP,15.762151000000001,95.0,2020,130.049,0.728,0.841,-3.37,0.149,0.43,243.837,0.0847,0.0484,88
RITMO (Bad Boys For Life),Black Eyed Peas,POP,5.49953,88.0,2020,105.095,0.7040000000000001,0.723,-7.087999999999999,0.792,0.684,214.935,0.0259,0.0571,50
THE SCOTTS,THE SCOTTS,HIPHOP,0.174482,71.0,2020,129.97899999999998,0.537,0.716,-7.648,0.157,0.28,165.97799999999995,0.233,0.0514,84
Safaera,Bad Bunny,UNKNOWN,31.412713,99.0,2020,96.172,0.8290000000000001,0.607,-4.074,0.107,0.685,295.177,0.0103,0.379,83
lovely (with Khalid),Billie Eilish,POP,40.940273,94.0,2020,115.284,0.29600000000000004,0.35100000000000003,-10.109,0.095,0.12,200.186,0.934,0.0333,89
Lucid Dreams,Juice WRLD,HIPHOP,16.589315,98.0,2020,83.90299999999998,0.5660000000000001,0.511,-7.23,0.34,0.218,239.836,0.349,0.2,88
Stuck with U (with Justin Bieber),Ariana Grande,POP,60.010425,97.0,2020,178.765,0.45,0.597,-6.658,0.382,0.537,228.482,0.223,0.0418,86
If the World Was Ending - feat. Julia Michaels,JP Saxe,UNKNOWN,0.23219499999999998,78.0,2020,75.801,0.473,0.464,-10.086,0.109,0.604,208.687,0.866,0.129,86
Physical,Dua Lipa,POP,23.579173,96.0,2020,146.967,0.8440000000000001,0.647,-3.756,0.102,0.746,193.829,0.0137,0.0457,79
SICKO MODE,Travis Scott,HIPHOP,15.762151000000001,95.0,2020,155.00799999999995,0.73,0.8340000000000001,-3.714,0.124,0.446,312.82,0.00513,0.222,86
