title,artist,top genre,followers,artist_popularity,year,tempo,energy,danceability,loudness,liveness,valence,duration,acousticness,speechiness,track_popularity,is_dance_pop
"Hey, Soul Sister",Train,neo mellow,3.618665,78.0,2010,97.0,89.0,67.0,-4.0,8.0,80.0,217.0,19.0,4.0,83,0
Love The Way You Lie,Eminem,detroit hip hop,42.79582,95.0,2010,87.0,93.0,75.0,-5.0,52.0,64.0,263.0,24.0,23.0,82,0
TiK ToK,Kesha,dance pop,6.235482,82.0,2010,120.0,84.0,76.0,-3.0,29.0,71.0,200.0,10.0,14.0,80,1
Bad Romance,Lady Gaga,dance pop,16.716518,90.0,2010,119.0,92.0,70.0,-4.0,8.0,71.0,295.0,0.0,4.0,79,1
Just the Way You Are,Bruno Mars,pop,29.381078999999996,93.0,2010,109.0,84.0,64.0,-5.0,9.0,43.0,221.0,2.0,4.0,78,0
Baby,Justin Bieber,canadian pop,43.75545200000001,98.0,2010,65.0,86.0,73.0,-5.0,11.0,54.0,214.0,4.0,14.0,77,0
Dynamite,Taio Cruz,dance pop,1.899663,75.0,2010,120.0,78.0,75.0,-4.0,4.0,82.0,203.0,0.0,9.0,77,1
Secrets,OneRepublic,dance pop,11.507962,85.0,2010,148.0,76.0,52.0,-6.0,12.0,38.0,225.0,7.0,4.0,77,1
Empire State of Mind (Part II) Broken Down,Alicia Keys,hip pop,8.491202000000001,83.0,2010,93.0,37.0,48.0,-8.0,12.0,14.0,216.0,74.0,3.0,76,0
Only Girl (In The World),Rihanna,barbadian pop,41.858636,93.0,2010,126.0,72.0,79.0,-4.0,7.0,61.0,235.0,13.0,4.0,73,0
Club Can't Handle Me (feat. David Guetta),Flo Rida,dance pop,7.995771,83.0,2010,128.0,87.0,62.0,-4.0,6.0,47.0,235.0,3.0,3.0,73,1
Marry You,Bruno Mars,pop,29.381078999999996,93.0,2010,145.0,83.0,62.0,-5.0,10.0,48.0,230.0,33.0,4.0,73,0
Cooler Than Me - Single Mix,Mike Posner,dance pop,1.123621,76.0,2010,130.0,82.0,77.0,-5.0,70.0,63.0,213.0,18.0,5.0,73,1
Telephone,Lady Gaga,dance pop,16.716518,90.0,2010,122.0,83.0,83.0,-6.0,11.0,71.0,221.0,1.0,4.0,73,1
Like A G6,Far East Movement,dance pop,1.019001,71.0,2010,125.0,84.0,44.0,-8.0,12.0,78.0,217.0,1.0,45.0,72,1
OMG (feat. will.i.am),Usher,atl hip hop,8.554807,85.0,2010,130.0,75.0,78.0,-6.0,36.0,33.0,269.0,20.0,3.0,72,0
Eenie Meenie,Sean Kingston,dance pop,2.0445740000000003,76.0,2010,121.0,61.0,72.0,-4.0,11.0,83.0,202.0,5.0,3.0,71,1
The Time (Dirty Bit),The Black Eyed Peas,dance pop,10.515901,86.0,2010,128.0,81.0,82.0,-8.0,60.0,44.0,308.0,7.0,7.0,70,1
Alejandro,Lady Gaga,dance pop,16.716518,90.0,2010,99.0,80.0,63.0,-7.0,36.0,37.0,274.0,0.0,5.0,69,1
Your Love Is My Drug,Kesha,dance pop,6.235482,82.0,2010,120.0,61.0,83.0,-4.0,9.0,76.0,187.0,1.0,10.0,69,1
Meet Me Halfway,The Black Eyed Peas,dance pop,10.515901,86.0,2010,130.0,63.0,80.0,-7.0,32.0,40.0,284.0,0.0,7.0,68,1
Whataya Want from Me,Adam Lambert,australian pop,1.176878,68.0,2010,186.0,68.0,44.0,-5.0,6.0,45.0,227.0,1.0,5.0,66,0
Take It Off,Kesha,dance pop,6.235482,82.0,2010,125.0,68.0,73.0,-5.0,9.0,74.0,215.0,0.0,3.0,66,1
Misery,Maroon 5,pop,29.955690999999998,91.0,2010,103.0,81.0,70.0,-5.0,22.0,73.0,216.0,0.0,4.0,65,0
All The Right Moves,OneRepublic,dance pop,11.507962,85.0,2010,146.0,95.0,53.0,-4.0,28.0,65.0,238.0,26.0,5.0,65,1
Animal,Neon Trees,indie pop,1.006162,73.0,2010,148.0,83.0,48.0,-6.0,38.0,74.0,212.0,0.0,4.0,65,0
Naturally,Selena Gomez & The Scene,dance pop,6.3215,72.0,2010,133.0,90.0,61.0,-5.0,5.0,88.0,203.0,2.0,5.0,64,1
I Like It,Enrique Iglesias,dance pop,9.980979,81.0,2010,129.0,94.0,65.0,-3.0,6.0,73.0,231.0,2.0,9.0,63,1
Teenage Dream,Katy Perry,dance pop,17.821796,88.0,2010,120.0,80.0,72.0,-5.0,13.0,59.0,228.0,2.0,4.0,63,1
California Gurls,Katy Perry,dance pop,17.821796,88.0,2010,125.0,75.0,79.0,-4.0,18.0,40.0,235.0,0.0,5.0,62,1
3,Britney Spears,dance pop,8.732805,85.0,2010,135.0,71.0,70.0,-2.0,14.0,79.0,213.0,5.0,5.0,62,1
My First Kiss - feat. Ke$ha,3OH!3,dance pop,0.739929,70.0,2010,138.0,89.0,68.0,-4.0,36.0,83.0,192.0,1.0,8.0,62,1
Blah Blah Blah (feat. 3OH!3),Kesha,dance pop,6.235482,82.0,2010,120.0,84.0,75.0,-3.0,42.0,52.0,172.0,8.0,12.0,62,1
Imma Be,The Black Eyed Peas,dance pop,10.515901,86.0,2010,92.0,52.0,60.0,-7.0,31.0,41.0,258.0,18.0,37.0,62,1
Try Sleeping with a Broken Heart,Alicia Keys,hip pop,8.491202000000001,83.0,2010,111.0,82.0,50.0,-5.0,13.0,55.0,249.0,16.0,11.0,62,0
Sexy Bitch (feat. Akon),David Guetta,dance pop,22.306494,91.0,2010,130.0,63.0,81.0,-5.0,13.0,80.0,196.0,8.0,5.0,61,1
Bound To You - Burlesque Original Motion Picture Soundtrack,Christina Aguilera,dance pop,5.976217,83.0,2010,164.0,41.0,29.0,-5.0,13.0,7.0,264.0,83.0,3.0,61,1
If I Had You,Adam Lambert,australian pop,1.176878,68.0,2010,131.0,91.0,65.0,-4.0,37.0,79.0,228.0,1.0,11.0,59,0
Rock That Body,The Black Eyed Peas,dance pop,10.515901,86.0,2010,125.0,91.0,72.0,-6.0,43.0,84.0,269.0,2.0,10.0,59,1
Dog Days Are Over,Florence + The Machine,art pop,5.513621,78.0,2010,150.0,81.0,50.0,-5.0,12.0,26.0,253.0,3.0,9.0,58,0
Something's Got A Hold On Me - Burlesque Original Motion Picture Soundtrack,Christina Aguilera,dance pop,5.976217,83.0,2010,150.0,85.0,51.0,-4.0,12.0,72.0,185.0,47.0,27.0,58,1
Doesn't Mean Anything,Alicia Keys,hip pop,8.491202000000001,83.0,2010,104.0,41.0,71.0,-7.0,10.0,10.0,273.0,4.0,3.0,57,0
Hard,Rihanna,barbadian pop,41.858636,93.0,2010,182.0,75.0,31.0,-4.0,65.0,16.0,251.0,1.0,11.0,57,0
Loca,Shakira,colombian pop,21.244925,88.0,2010,112.0,87.0,80.0,-4.0,9.0,85.0,193.0,19.0,7.0,56,0
You Lost Me,Christina Aguilera,dance pop,5.976217,83.0,2010,43.0,39.0,23.0,-6.0,14.0,7.0,257.0,85.0,4.0,56,1
Not Myself Tonight,Christina Aguilera,dance pop,5.976217,83.0,2010,120.0,81.0,76.0,-5.0,56.0,54.0,186.0,0.0,4.0,55,1
Written in the Stars (feat. Eric Turner),Tinie Tempah,dance pop,0.765237,71.0,2010,91.0,95.0,64.0,-4.0,18.0,57.0,220.0,6.0,7.0,52,1
DJ Got Us Fallin' In Love (feat. Pitbull),Usher,atl hip hop,8.554807,85.0,2010,120.0,86.0,66.0,-3.0,8.0,65.0,221.0,3.0,11.0,52,0
Castle Walls (feat. Christina Aguilera),T.I.,atl hip hop,3.668252,80.0,2010,80.0,86.0,45.0,-5.0,26.0,58.0,329.0,7.0,39.0,49,0
Break Your Heart,Taio Cruz,dance pop,1.899663,75.0,2010,122.0,90.0,67.0,-5.0,8.0,63.0,186.0,0.0,3.0,33,1
Hello,Martin Solveig,big room,1.167038,73.0,2010,128.0,98.0,67.0,-3.0,10.0,45.0,191.0,1.0,3.0,0,0
A Thousand Years,Christina Perri,dance pop,2.917625,76.0,2011,139.0,41.0,42.0,-7.0,11.0,16.0,285.0,31.0,3.0,81,1
Someone Like You,Adele,british soul,26.369721999999996,86.0,2011,135.0,33.0,56.0,-8.0,10.0,28.0,285.0,89.0,3.0,80,0
Give Me Everything,Pitbull,dance pop,8.302253,87.0,2011,129.0,94.0,67.0,-3.0,30.0,53.0,252.0,19.0,16.0,79,1
Just the Way You Are,Bruno Mars,pop,29.381078999999996,93.0,2011,109.0,84.0,64.0,-5.0,9.0,43.0,221.0,2.0,4.0,78,0
Rolling in the Deep,Adele,british soul,26.369721999999996,86.0,2011,105.0,76.0,73.0,-5.0,5.0,52.0,228.0,13.0,3.0,76,0
Run the World (Girls),Beyoncé,dance pop,26.71493,89.0,2011,127.0,90.0,73.0,-4.0,37.0,76.0,236.0,0.0,14.0,76,1
Moves Like Jagger - Studio Recording From The Voice Performance,Maroon 5,pop,29.955690999999998,91.0,2011,128.0,76.0,72.0,-4.0,32.0,62.0,201.0,1.0,5.0,76,0
Love On Top,Beyoncé,dance pop,26.71493,89.0,2011,94.0,75.0,65.0,-5.0,60.0,65.0,267.0,8.0,9.0,76,1
Grenade,Bruno Mars,pop,29.381078999999996,93.0,2011,110.0,56.0,71.0,-7.0,12.0,23.0,223.0,15.0,6.0,75,0
Tonight Tonight,Hot Chelle Rae,dance pop,0.5114350000000001,67.0,2011,100.0,78.0,69.0,-5.0,16.0,81.0,200.0,8.0,12.0,75,1
What the Hell,Avril Lavigne,canadian pop,7.005908,81.0,2011,150.0,93.0,58.0,-4.0,14.0,88.0,221.0,0.0,5.0,74,0
Born This Way,Lady Gaga,dance pop,16.716518,90.0,2011,124.0,83.0,59.0,-5.0,33.0,49.0,260.0,0.0,16.0,73,1
Monster,Kanye West,chicago rap,13.560642000000001,93.0,2011,125.0,69.0,63.0,-6.0,67.0,10.0,379.0,0.0,20.0,73,0
Marry You,Bruno Mars,pop,29.381078999999996,93.0,2011,145.0,83.0,62.0,-5.0,10.0,48.0,230.0,33.0,4.0,73,0
Best Thing I Never Had,Beyoncé,dance pop,26.71493,89.0,2011,99.0,65.0,55.0,-4.0,9.0,30.0,254.0,14.0,3.0,73,1
Party Rock Anthem,LMFAO,dance pop,3.680054,72.0,2011,130.0,74.0,75.0,-4.0,27.0,35.0,262.0,2.0,16.0,72,1
We R Who We R,Kesha,dance pop,6.235482,82.0,2011,120.0,82.0,74.0,-5.0,12.0,65.0,205.0,1.0,4.0,72,1
Price Tag,Jessie J,australian pop,8.417336,77.0,2011,175.0,83.0,64.0,-4.0,27.0,68.0,223.0,3.0,18.0,72,0
Good Life,OneRepublic,dance pop,11.507962,85.0,2011,95.0,69.0,63.0,-8.0,13.0,65.0,253.0,8.0,5.0,72,1
Just Cant Get Enough,The Black Eyed Peas,dance pop,10.515901,86.0,2011,94.0,63.0,66.0,-9.0,11.0,26.0,219.0,19.0,18.0,71,1
On The Floor,Jennifer Lopez,dance pop,9.663594,81.0,2011,130.0,78.0,73.0,-5.0,7.0,57.0,285.0,11.0,5.0,69,1
What's My Name?,Rihanna,barbadian pop,41.858636,93.0,2011,100.0,79.0,69.0,-3.0,8.0,58.0,263.0,23.0,7.0,69,0
Yeah 3x,Chris Brown,dance pop,13.353299,91.0,2011,130.0,88.0,71.0,-3.0,9.0,70.0,242.0,0.0,4.0,69,1
Without You (feat. Usher),David Guetta,dance pop,22.306494,91.0,2011,128.0,61.0,61.0,-4.0,16.0,40.0,208.0,23.0,3.0,68,1
Sexy And I Know It,LMFAO,dance pop,3.680054,72.0,2011,130.0,86.0,71.0,-4.0,19.0,80.0,199.0,10.0,32.0,67,1
The Edge Of Glory,Lady Gaga,dance pop,16.716518,90.0,2011,128.0,77.0,58.0,-6.0,11.0,36.0,321.0,0.0,4.0,67,1
E.T.,Katy Perry,dance pop,17.821796,88.0,2011,152.0,87.0,62.0,-5.0,37.0,76.0,230.0,2.0,18.0,66,1
Till the World Ends,Britney Spears,dance pop,8.732805,85.0,2011,132.0,71.0,69.0,-6.0,20.0,45.0,238.0,2.0,7.0,65,1
I Wanna Go,Britney Spears,dance pop,8.732805,85.0,2011,130.0,55.0,70.0,-7.0,33.0,79.0,210.0,0.0,4.0,64,1
Blow,Kesha,dance pop,6.235482,82.0,2011,120.0,73.0,75.0,-4.0,7.0,81.0,220.0,0.0,4.0,64,1
You And I,Lady Gaga,dance pop,16.716518,90.0,2011,127.0,70.0,52.0,-5.0,9.0,52.0,307.0,9.0,5.0,64,1
Judas,Lady Gaga,dance pop,16.716518,90.0,2011,131.0,93.0,66.0,-4.0,27.0,53.0,249.0,0.0,7.0,63,1
Tonight (I'm Fuckin' You),Enrique Iglesias,dance pop,9.980979,81.0,2011,126.0,89.0,65.0,-4.0,12.0,32.0,232.0,3.0,5.0,63,1
Please Don't Go,Mike Posner,dance pop,1.123621,76.0,2011,120.0,88.0,70.0,-4.0,13.0,66.0,197.0,0.0,3.0,63,1
We Found Love,Rihanna,barbadian pop,41.858636,93.0,2011,128.0,77.0,73.0,-4.0,11.0,60.0,215.0,3.0,4.0,61,0
Marry The Night,Lady Gaga,dance pop,16.716518,90.0,2011,131.0,88.0,61.0,-4.0,46.0,38.0,265.0,0.0,6.0,61,1
1+1,Beyoncé,dance pop,26.71493,89.0,2011,63.0,38.0,30.0,-7.0,7.0,26.0,274.0,38.0,3.0,60,1
Hold It Against Me,Britney Spears,dance pop,8.732805,85.0,2011,133.0,72.0,65.0,-5.0,24.0,39.0,229.0,1.0,4.0,59,1
I'm Into You,Jennifer Lopez,dance pop,9.663594,81.0,2011,84.0,75.0,59.0,-4.0,8.0,70.0,200.0,2.0,14.0,59,1
Papi,Jennifer Lopez,dance pop,9.663594,81.0,2011,120.0,81.0,71.0,-5.0,37.0,89.0,223.0,13.0,6.0,58,1
Cheers (Drink To That),Rihanna,barbadian pop,41.858636,93.0,2011,80.0,91.0,58.0,-4.0,29.0,73.0,262.0,2.0,4.0,58,0
S&M Remix,Rihanna,barbadian pop,41.858636,93.0,2011,128.0,81.0,82.0,-3.0,5.0,89.0,257.0,5.0,5.0,54,0
Written in the Stars (feat. Eric Turner),Tinie Tempah,dance pop,0.765237,71.0,2011,91.0,95.0,64.0,-4.0,18.0,57.0,220.0,6.0,7.0,52,1
Jar of Hearts,Christina Perri,dance pop,2.917625,76.0,2011,75.0,35.0,35.0,-6.0,12.0,9.0,247.0,73.0,3.0,50,1
Castle Walls (feat. Christina Aguilera),T.I.,atl hip hop,3.668252,80.0,2011,80.0,86.0,45.0,-5.0,26.0,58.0,329.0,7.0,39.0,49,0
Turning Page,Sleeping At Last,acoustic pop,1.051626,77.0,2011,125.0,38.0,30.0,-8.0,11.0,19.0,255.0,91.0,3.0,46,0
Super Bass,Nicki Minaj,dance pop,20.733813,91.0,2011,127.0,74.0,77.0,-7.0,40.0,59.0,201.0,6.0,23.0,38,1
Raise Your Glass,P!nk,dance pop,10.558136,86.0,2011,122.0,64.0,68.0,-7.0,12.0,56.0,208.0,0.0,12.0,38,1
Invading My Mind,Jennifer Lopez,dance pop,9.663594,81.0,2011,129.0,88.0,73.0,-4.0,32.0,69.0,201.0,2.0,7.0,31,1
Moment 4 Life - Album Version (Edited),Nicki Minaj,dance pop,20.733813,91.0,2011,130.0,88.0,50.0,-4.0,22.0,37.0,279.0,39.0,38.0,28,1
Last Friday Night (T.G.I.F.),Katy Perry,dance pop,17.821796,88.0,2011,126.0,81.0,65.0,-4.0,67.0,72.0,231.0,0.0,4.0,27,1
Firework,Katy Perry,dance pop,17.821796,88.0,2011,124.0,83.0,64.0,-5.0,11.0,65.0,228.0,14.0,5.0,25,1
Muny - Album Version (Edited),Nicki Minaj,dance pop,20.733813,91.0,2011,98.0,72.0,80.0,-5.0,19.0,53.0,227.0,56.0,33.0,7,1
Titanium (feat. Sia),David Guetta,dance pop,22.306494,91.0,2012,126.0,79.0,60.0,-4.0,13.0,30.0,245.0,7.0,10.0,80,1
Locked Out of Heaven,Bruno Mars,pop,29.381078999999996,93.0,2012,144.0,70.0,73.0,-4.0,31.0,87.0,233.0,5.0,4.0,79,0
Paradise,Coldplay,permanent wave,29.455218,90.0,2012,140.0,59.0,45.0,-7.0,8.0,20.0,279.0,5.0,3.0,79,0
Payphone,Maroon 5,pop,29.955690999999998,91.0,2012,110.0,75.0,74.0,-5.0,29.0,55.0,231.0,2.0,4.0,79,0
What Makes You Beautiful,One Direction,boy band,20.573,91.0,2012,125.0,79.0,73.0,-2.0,6.0,89.0,200.0,1.0,7.0,78,0
I Knew You Were Trouble.,Taylor Swift,pop,38.00574,98.0,2012,77.0,47.0,62.0,-7.0,3.0,68.0,220.0,0.0,4.0,77,0
Call Me Maybe,Carly Rae Jepsen,canadian pop,4.512754,76.0,2012,120.0,58.0,78.0,-7.0,11.0,66.0,193.0,1.0,4.0,76,0
Love You Like A Love Song,Selena Gomez & The Scene,dance pop,6.3215,72.0,2012,117.0,68.0,86.0,-4.0,7.0,92.0,188.0,8.0,5.0,76,1
Set Fire to the Rain,Adele,british soul,26.369721999999996,86.0,2012,108.0,68.0,61.0,-4.0,13.0,47.0,242.0,0.0,3.0,76,0
We Are Never Ever Getting Back Together,Taylor Swift,pop,38.00574,98.0,2012,86.0,68.0,63.0,-6.0,12.0,75.0,193.0,1.0,9.0,75,0
Stronger (What Doesn't Kill You),Kelly Clarkson,dance pop,7.4938600000000015,79.0,2012,116.0,94.0,56.0,-4.0,11.0,68.0,222.0,5.0,5.0,74,1
Try,P!nk,dance pop,10.558136,86.0,2012,104.0,63.0,67.0,-7.0,9.0,55.0,248.0,0.0,3.0,74,1
Starships,Nicki Minaj,dance pop,20.733813,91.0,2012,125.0,72.0,75.0,-2.0,25.0,75.0,211.0,14.0,8.0,73,1
One More Night,Maroon 5,pop,29.955690999999998,91.0,2012,93.0,82.0,72.0,-3.0,8.0,62.0,220.0,6.0,3.0,73,0
Good Time,Owl City,pop,2.060824,75.0,2012,126.0,87.0,56.0,-4.0,37.0,68.0,206.0,2.0,14.0,73,0
Glad You Came,The Wanted,boy band,2.215667,70.0,2012,127.0,85.0,72.0,-4.0,11.0,45.0,198.0,3.0,6.0,72,0
Beauty And A Beat,Justin Bieber,canadian pop,43.75545200000001,98.0,2012,128.0,84.0,60.0,-5.0,7.0,53.0,228.0,0.0,6.0,72,0
International Love,Pitbull,dance pop,8.302253,87.0,2012,120.0,86.0,67.0,-3.0,34.0,65.0,227.0,1.0,5.0,72,1
Some Nights,fun.,baroque pop,3.461092,73.0,2012,108.0,74.0,67.0,-7.0,9.0,39.0,277.0,2.0,5.0,72,0
Boyfriend,Justin Bieber,canadian pop,43.75545200000001,98.0,2012,97.0,55.0,72.0,-6.0,13.0,33.0,171.0,4.0,5.0,71,0
Part Of Me,Katy Perry,dance pop,17.821796,88.0,2012,130.0,92.0,68.0,-5.0,7.0,77.0,216.0,0.0,4.0,71,1
Domino,Jessie J,australian pop,8.417336,77.0,2012,127.0,55.0,76.0,-5.0,4.0,78.0,232.0,1.0,3.0,69,0
Where Have You Been,Rihanna,barbadian pop,41.858636,93.0,2012,128.0,85.0,72.0,-6.0,22.0,44.0,243.0,0.0,9.0,68,0
Wide Awake,Katy Perry,dance pop,17.821796,88.0,2012,160.0,68.0,51.0,-5.0,39.0,57.0,221.0,7.0,4.0,68,1
The One That Got Away,Katy Perry,dance pop,17.821796,88.0,2012,134.0,80.0,69.0,-4.0,16.0,88.0,227.0,0.0,4.0,67,1
Dance Again,Jennifer Lopez,dance pop,9.663594,81.0,2012,128.0,86.0,79.0,-5.0,10.0,71.0,237.0,2.0,7.0,66,1
Turn Up the Music,Chris Brown,dance pop,13.353299,91.0,2012,130.0,84.0,59.0,-6.0,16.0,64.0,228.0,0.0,10.0,65,1
Lights - Single Version,Ellie Goulding,dance pop,9.247324,84.0,2012,120.0,80.0,68.0,-6.0,13.0,78.0,211.0,3.0,4.0,65,1
We Are Young (feat. Janelle Monáe),fun.,baroque pop,3.461092,73.0,2012,184.0,64.0,38.0,-6.0,8.0,74.0,251.0,2.0,8.0,63,0
Diamonds,Rihanna,barbadian pop,41.858636,93.0,2012,92.0,71.0,56.0,-5.0,11.0,39.0,225.0,0.0,5.0,61,0
Don't Stop the Party (feat. TJR),Pitbull,dance pop,8.302253,87.0,2012,127.0,96.0,72.0,-4.0,38.0,95.0,206.0,1.0,9.0,59,1
You Da One,Rihanna,barbadian pop,41.858636,93.0,2012,127.0,72.0,70.0,-5.0,13.0,86.0,200.0,50.0,4.0,57,0
Stereo Hearts (feat. Adam Levine),Gym Class Heroes,dance pop,1.205858,78.0,2012,90.0,80.0,65.0,-3.0,27.0,80.0,211.0,3.0,10.0,54,1
It Will Rain,Bruno Mars,pop,29.381078999999996,93.0,2012,150.0,84.0,58.0,-7.0,8.0,48.0,258.0,34.0,5.0,38,0
Blow Me (One Last Kiss),P!nk,dance pop,10.558136,86.0,2012,114.0,92.0,60.0,-3.0,25.0,75.0,256.0,0.0,4.0,0,1
Underneath the Tree,Kelly Clarkson,dance pop,7.4938600000000015,79.0,2013,160.0,81.0,51.0,-5.0,21.0,69.0,230.0,0.0,5.0,88,1
Wake Me Up,Avicii,big room,19.367148999999998,86.0,2013,124.0,78.0,53.0,-6.0,16.0,64.0,247.0,0.0,5.0,85,0
Story of My Life,One Direction,boy band,20.573,91.0,2013,121.0,66.0,60.0,-6.0,12.0,29.0,245.0,23.0,5.0,81,0
Just Give Me a Reason (feat. Nate Ruess),P!nk,dance pop,10.558136,86.0,2013,95.0,55.0,78.0,-7.0,13.0,44.0,243.0,35.0,5.0,81,1
Hall of Fame,The Script,celtic rock,6.4921050000000005,79.0,2013,85.0,87.0,42.0,-4.0,12.0,63.0,203.0,7.0,6.0,80,0
Roar,Katy Perry,dance pop,17.821796,88.0,2013,180.0,77.0,55.0,-5.0,35.0,46.0,224.0,0.0,4.0,78,1
We Can't Stop,Miley Cyrus,dance pop,14.537891,90.0,2013,80.0,62.0,61.0,-6.0,37.0,48.0,231.0,1.0,3.0,78,1
Don't You Worry Child - Radio Edit,Swedish House Mafia,big room,3.244298,71.0,2013,129.0,84.0,61.0,-3.0,12.0,44.0,213.0,11.0,5.0,78,0
Get Lucky (feat. Pharrell Williams & Nile Rodgers) - Radio Edit,Daft Punk,electro,7.5178660000000015,88.0,2013,116.0,81.0,79.0,-9.0,10.0,86.0,248.0,4.0,4.0,77,0
Wrecking Ball,Miley Cyrus,dance pop,14.537891,90.0,2013,120.0,42.0,53.0,-6.0,11.0,35.0,221.0,41.0,3.0,77,1
Impossible,James Arthur,pop,7.745596000000001,87.0,2013,170.0,70.0,38.0,-5.0,11.0,30.0,209.0,14.0,9.0,77,0
Blurred Lines,Robin Thicke,dance pop,1.6997349999999998,70.0,2013,120.0,60.0,85.0,-5.0,8.0,84.0,264.0,0.0,4.0,76,1
Heart Attack,Demi Lovato,dance pop,19.291866,87.0,2013,174.0,79.0,50.0,-5.0,24.0,50.0,211.0,7.0,10.0,76,1
We Are Never Ever Getting Back Together,Taylor Swift,pop,38.00574,98.0,2013,86.0,68.0,63.0,-6.0,12.0,75.0,193.0,1.0,9.0,75,0
Die Young,Kesha,dance pop,6.235482,82.0,2013,128.0,70.0,71.0,-5.0,22.0,80.0,212.0,0.0,5.0,75,1
Clarity,Zedd,complextro,5.400656,82.0,2013,128.0,78.0,51.0,-3.0,7.0,18.0,271.0,4.0,7.0,75,0
Summertime Sadness (Lana Del Rey Vs. Cedric Gervais) - Cedric Gervais Remix,Lana Del Rey,art pop,12.552754,90.0,2013,126.0,81.0,57.0,-6.0,13.0,11.0,215.0,2.0,6.0,74,0
Under Control,Calvin Harris,dance pop,21.442367,88.0,2013,126.0,92.0,54.0,-3.0,12.0,51.0,184.0,13.0,8.0,74,1
Everybody Talks,Neon Trees,indie pop,1.006162,73.0,2013,155.0,92.0,47.0,-4.0,31.0,73.0,177.0,0.0,6.0,74,0
"Hold On, We're Going Home",Drake,canadian hip hop,53.806406,100.0,2013,100.0,41.0,77.0,-7.0,7.0,29.0,228.0,0.0,10.0,73,0
Best Song Ever,One Direction,boy band,20.573,91.0,2013,118.0,88.0,65.0,-3.0,8.0,49.0,200.0,2.0,5.0,73,0
Kiss You,One Direction,boy band,20.573,91.0,2013,90.0,93.0,63.0,-3.0,32.0,91.0,183.0,2.0,6.0,73,0
Sweet Nothing (feat. Florence Welch),Calvin Harris,dance pop,21.442367,88.0,2013,128.0,93.0,57.0,-4.0,6.0,58.0,213.0,20.0,11.0,72,1
Lose Yourself to Dance,Daft Punk,electro,7.5178660000000015,88.0,2013,100.0,66.0,83.0,-8.0,8.0,67.0,354.0,8.0,6.0,72,0
Work Bitch,Britney Spears,dance pop,8.732805,85.0,2013,128.0,82.0,63.0,-7.0,7.0,85.0,248.0,16.0,16.0,71,1
Brave,Sara Bareilles,acoustic pop,1.60758,74.0,2013,185.0,84.0,55.0,-4.0,4.0,76.0,221.0,1.0,5.0,71,0
Can't Hold Us (feat. Ray Dalton),Macklemore & Ryan Lewis,dance pop,2.5591459999999997,79.0,2013,146.0,93.0,63.0,-4.0,10.0,88.0,258.0,3.0,8.0,70,1
Feel This Moment (feat. Christina Aguilera),Pitbull,dance pop,8.302253,87.0,2013,136.0,76.0,67.0,-4.0,34.0,54.0,230.0,4.0,16.0,70,1
Beneath Your Beautiful,Labrinth,pop,1.5564440000000002,83.0,2013,84.0,52.0,56.0,-6.0,10.0,23.0,272.0,23.0,4.0,70,0
Let Me Love You (Until You Learn To Love Yourself),Ne-Yo,dance pop,5.945178,83.0,2013,125.0,68.0,66.0,-7.0,37.0,25.0,252.0,25.0,4.0,70,1
Thrift Shop (feat. Wanz),Macklemore & Ryan Lewis,dance pop,2.5591459999999997,79.0,2013,95.0,53.0,78.0,-7.0,5.0,66.0,236.0,6.0,29.0,69,1
If I Lose Myself - Alesso vs OneRepublic,OneRepublic,dance pop,11.507962,85.0,2013,126.0,75.0,52.0,-6.0,14.0,16.0,215.0,26.0,4.0,69,1
The Way,Ariana Grande,dance pop,60.010425,97.0,2013,82.0,88.0,65.0,-3.0,8.0,86.0,227.0,29.0,11.0,68,1
Suit & Tie,Justin Timberlake,dance pop,10.515901,85.0,2013,102.0,60.0,80.0,-4.0,16.0,36.0,326.0,10.0,22.0,68,1
#thatPOWER,will.i.am,dance pop,3.341131,79.0,2013,128.0,61.0,80.0,-6.0,7.0,40.0,280.0,0.0,6.0,68,1
I Love It (feat. Charli XCX),Icona Pop,candy pop,0.662117,72.0,2013,126.0,91.0,71.0,-3.0,15.0,82.0,157.0,1.0,3.0,67,0
Play Hard (feat. Ne-Yo & Akon) - New Edit,David Guetta,dance pop,22.306494,91.0,2013,130.0,87.0,72.0,-3.0,66.0,68.0,209.0,4.0,4.0,67,1
Daylight,Maroon 5,pop,29.955690999999998,91.0,2013,120.0,67.0,66.0,-5.0,26.0,37.0,225.0,0.0,3.0,66,0
Love Somebody,Maroon 5,pop,29.955690999999998,91.0,2013,120.0,78.0,68.0,-6.0,12.0,40.0,230.0,13.0,4.0,65,0
A Little Party Never Killed Nobody (All We Got),Fergie,dance pop,4.3399019999999995,75.0,2013,130.0,62.0,76.0,-6.0,9.0,52.0,241.0,1.0,18.0,65,1
Move,Little Mix,dance pop,8.853859,85.0,2013,121.0,74.0,85.0,-5.0,55.0,77.0,224.0,0.0,9.0,63,1
Walks Like Rihanna,The Wanted,boy band,2.215667,70.0,2013,126.0,82.0,56.0,-3.0,10.0,43.0,202.0,1.0,6.0,62,0
Rock N Roll,Avril Lavigne,canadian pop,7.005908,81.0,2013,184.0,96.0,47.0,-3.0,34.0,67.0,207.0,1.0,13.0,61,0
Heartbreaker,Justin Bieber,canadian pop,43.75545200000001,98.0,2013,105.0,52.0,56.0,-7.0,34.0,58.0,263.0,14.0,10.0,61,0
Mirrors - Radio Edit,Justin Timberlake,dance pop,10.515901,85.0,2013,77.0,60.0,58.0,-6.0,43.0,65.0,277.0,14.0,5.0,60,1
Next To Me,Emeli Sandé,dance pop,2.012163,71.0,2013,95.0,80.0,67.0,-5.0,11.0,35.0,197.0,9.0,4.0,60,1
Made In The USA,Demi Lovato,dance pop,19.291866,87.0,2013,87.0,86.0,58.0,-4.0,32.0,59.0,196.0,0.0,4.0,60,1
Clown,Emeli Sandé,dance pop,2.012163,71.0,2013,130.0,23.0,45.0,-8.0,11.0,23.0,221.0,92.0,4.0,60,1
Girl On Fire (feat. Nicki Minaj) - Inferno Version,Alicia Keys,hip pop,8.491202000000001,83.0,2013,93.0,81.0,55.0,-6.0,15.0,34.0,271.0,9.0,31.0,59,0
TKO,Justin Timberlake,dance pop,10.515901,85.0,2013,138.0,68.0,61.0,-7.0,43.0,49.0,424.0,1.0,24.0,58,1
Come & Get It,Selena Gomez,dance pop,26.161775,91.0,2013,80.0,79.0,55.0,-4.0,10.0,58.0,232.0,1.0,5.0,57,1
Live It Up,Jennifer Lopez,dance pop,9.663594,81.0,2013,128.0,73.0,69.0,-5.0,33.0,65.0,244.0,1.0,17.0,57,1
We Own The Night,The Wanted,boy band,2.215667,70.0,2013,104.0,94.0,55.0,-4.0,23.0,56.0,206.0,1.0,13.0,56,0
Atlas - From The Hunger Games: Catching Fire Soundtrack,Coldplay,permanent wave,29.455218,90.0,2013,136.0,45.0,28.0,-8.0,11.0,11.0,236.0,63.0,3.0,55,0
What About Love,Austin Mahone,dance pop,1.838097,66.0,2013,100.0,78.0,63.0,-7.0,4.0,28.0,203.0,0.0,4.0,54,1
Take Back the Night,Justin Timberlake,dance pop,10.515901,85.0,2013,107.0,66.0,59.0,-5.0,64.0,33.0,353.0,4.0,16.0,54,1
Applause,Lady Gaga,dance pop,16.716518,90.0,2013,140.0,78.0,67.0,-4.0,11.0,73.0,212.0,3.0,5.0,52,1
Anything Could Happen,Ellie Goulding,dance pop,9.247324,84.0,2013,103.0,78.0,70.0,-4.0,14.0,38.0,286.0,43.0,3.0,52,1
Finally Found You,Enrique Iglesias,dance pop,9.980979,81.0,2013,128.0,88.0,62.0,-5.0,35.0,66.0,221.0,1.0,10.0,52,1
Pom Poms,Jonas Brothers,boy band,5.067963,81.0,2013,148.0,98.0,68.0,-2.0,28.0,90.0,198.0,7.0,9.0,52,0
#Beautiful,Mariah Carey,dance pop,6.457953,82.0,2013,107.0,76.0,68.0,-5.0,31.0,45.0,200.0,29.0,4.0,51,1
How Ya Doin'? (feat. Missy Elliott),Little Mix,dance pop,8.853859,85.0,2013,201.0,95.0,36.0,-3.0,37.0,51.0,211.0,9.0,48.0,50,1
Crazy Kids (feat. will.i.am),Kesha,dance pop,6.235482,82.0,2013,128.0,75.0,72.0,-4.0,13.0,50.0,229.0,4.0,4.0,46,1
"Ooh La La (from ""The Smurfs 2"")",Britney Spears,dance pop,8.732805,85.0,2013,128.0,57.0,69.0,-5.0,11.0,73.0,257.0,2.0,5.0,45,1
People Like Us,Kelly Clarkson,dance pop,7.4938600000000015,79.0,2013,128.0,79.0,60.0,-5.0,36.0,61.0,259.0,4.0,4.0,45,1
Overdose,Ciara,dance pop,4.903077,76.0,2013,107.0,70.0,77.0,-6.0,6.0,79.0,227.0,1.0,3.0,43,1
Right Now - Dyro Radio Edit,Rihanna,barbadian pop,41.858636,93.0,2013,130.0,74.0,53.0,-6.0,24.0,45.0,186.0,0.0,4.0,42,0
Give It 2 U,Robin Thicke,dance pop,1.6997349999999998,70.0,2013,127.0,83.0,67.0,-4.0,16.0,58.0,230.0,10.0,7.0,41,1
Foolish Games,Jewel,alaska indie,0.51185,64.0,2013,132.0,34.0,51.0,-11.0,12.0,7.0,250.0,23.0,3.0,36,0
Outta Nowhere (feat. Danny Mercer),Pitbull,dance pop,8.302253,87.0,2013,95.0,84.0,71.0,-4.0,21.0,66.0,207.0,16.0,3.0,35,1
Freak,Kelly Rowland,atl hip hop,2.604931,72.0,2013,104.0,78.0,65.0,-5.0,12.0,45.0,274.0,13.0,6.0,28,0
All of Me,John Legend,neo mellow,5.566783,84.0,2014,120.0,26.0,42.0,-7.0,13.0,33.0,270.0,92.0,3.0,86,0
Stay With Me,Sam Smith,pop,15.89189,89.0,2014,84.0,42.0,42.0,-6.0,11.0,18.0,173.0,59.0,4.0,85,0
Summer,Calvin Harris,dance pop,21.442367,88.0,2014,128.0,86.0,60.0,-4.0,14.0,74.0,223.0,2.0,3.0,80,1
"Happy - From ""Despicable Me 2""",Pharrell Williams,dance pop,3.480349,83.0,2014,160.0,82.0,65.0,-5.0,9.0,96.0,233.0,22.0,18.0,79,1
Rude,MAGIC!,pop,1.196836,72.0,2014,144.0,76.0,77.0,-5.0,31.0,93.0,225.0,4.0,4.0,79,0
Shake It Off,Taylor Swift,pop,38.00574,98.0,2014,160.0,80.0,65.0,-5.0,33.0,94.0,219.0,6.0,17.0,78,0
Dark Horse,Katy Perry,dance pop,17.821796,88.0,2014,132.0,59.0,65.0,-6.0,17.0,35.0,216.0,0.0,5.0,78,1
Hey Brother,Avicii,big room,19.367148999999998,86.0,2014,125.0,78.0,55.0,-5.0,8.0,46.0,255.0,3.0,4.0,78,0
Maps,Maroon 5,pop,29.955690999999998,91.0,2014,120.0,71.0,74.0,-6.0,6.0,88.0,190.0,2.0,3.0,78,0
Treasure,Bruno Mars,pop,29.381078999999996,93.0,2014,116.0,69.0,87.0,-5.0,32.0,94.0,179.0,4.0,4.0,77,0
Let Her Go,Passenger,folk-pop,2.75047,78.0,2014,75.0,54.0,51.0,-7.0,10.0,24.0,253.0,39.0,6.0,77,0
Problem,Ariana Grande,dance pop,60.010425,97.0,2014,103.0,81.0,66.0,-5.0,16.0,63.0,194.0,2.0,15.0,75,1
Pompeii,Bastille,metropopolis,4.68205,81.0,2014,127.0,72.0,68.0,-6.0,27.0,57.0,214.0,8.0,4.0,73,0
Team,Lorde,art pop,7.3546679999999975,82.0,2014,100.0,58.0,69.0,-7.0,31.0,42.0,193.0,17.0,9.0,73,0
Love Me Again,John Newman,pop,0.635812,72.0,2014,126.0,89.0,50.0,-5.0,10.0,21.0,240.0,0.0,4.0,73,0
Latch,Disclosure,house,1.898791,80.0,2014,122.0,73.0,50.0,-5.0,9.0,52.0,256.0,2.0,17.0,72,0
Adore You,Miley Cyrus,dance pop,14.537891,90.0,2014,120.0,66.0,58.0,-5.0,11.0,20.0,279.0,11.0,3.0,72,1
Love Never Felt So Good,Michael Jackson,pop,17.848367,86.0,2014,118.0,72.0,78.0,-6.0,7.0,71.0,246.0,13.0,4.0,71,0
Burn,Ellie Goulding,dance pop,9.247324,84.0,2014,87.0,78.0,56.0,-5.0,11.0,33.0,231.0,31.0,4.0,71,1
She Looks So Perfect,5 Seconds of Summer,boy band,7.277893,85.0,2014,160.0,95.0,49.0,-4.0,33.0,44.0,202.0,0.0,13.0,71,0
Fancy,Iggy Azalea,australian hip hop,5.40993,77.0,2014,95.0,72.0,91.0,-4.0,5.0,38.0,200.0,9.0,7.0,70,0
Talk Dirty (feat. 2 Chainz),Jason Derulo,dance pop,9.081838000000001,89.0,2014,100.0,65.0,76.0,-7.0,31.0,76.0,178.0,3.0,23.0,68,1
Gorilla,Bruno Mars,pop,29.381078999999996,93.0,2014,140.0,54.0,72.0,-7.0,10.0,64.0,244.0,45.0,4.0,68,0
human,Christina Perri,dance pop,2.917625,76.0,2014,144.0,49.0,44.0,-6.0,11.0,25.0,251.0,13.0,4.0,68,1
Young Girls,Bruno Mars,pop,29.381078999999996,93.0,2014,126.0,75.0,56.0,-5.0,21.0,50.0,229.0,46.0,3.0,67,0
Wiggle (feat. Snoop Dogg),Jason Derulo,dance pop,9.081838000000001,89.0,2014,82.0,62.0,70.0,-7.0,16.0,72.0,193.0,8.0,25.0,67,1
Love Runs Out,OneRepublic,dance pop,11.507962,85.0,2014,120.0,93.0,72.0,-4.0,8.0,74.0,225.0,17.0,6.0,66,1
This Is How We Do,Katy Perry,dance pop,17.821796,88.0,2014,96.0,64.0,69.0,-6.0,15.0,80.0,204.0,2.0,5.0,66,1
Mmm Yeah (feat. Pitbull),Austin Mahone,dance pop,1.838097,66.0,2014,126.0,92.0,71.0,-4.0,27.0,98.0,232.0,0.0,4.0,65,1
A Little Party Never Killed Nobody (All We Got),Fergie,dance pop,4.3399019999999995,75.0,2014,130.0,62.0,76.0,-6.0,9.0,52.0,241.0,1.0,18.0,65,1
#SELFIE,The Chainsmokers,electropop,17.62492,86.0,2014,128.0,92.0,79.0,-3.0,8.0,66.0,184.0,1.0,25.0,65,0
Partition,Beyoncé,dance pop,26.71493,89.0,2014,186.0,44.0,41.0,-12.0,31.0,17.0,319.0,3.0,29.0,65,1
Birthday,Katy Perry,dance pop,17.821796,88.0,2014,126.0,67.0,72.0,-5.0,11.0,84.0,215.0,9.0,7.0,65,1
G.U.Y.,Lady Gaga,dance pop,16.716518,90.0,2014,110.0,92.0,62.0,-3.0,12.0,57.0,233.0,1.0,4.0,65,1
Stay The Night - Featuring Hayley Williams Of Paramore,Zedd,complextro,5.400656,82.0,2014,128.0,74.0,60.0,-3.0,9.0,46.0,217.0,11.0,4.0,64,0
"Let It Go - From ""Frozen / Single Version",Demi Lovato,dance pop,19.291866,87.0,2014,140.0,66.0,50.0,-6.0,27.0,25.0,226.0,3.0,4.0,63,1
Wings,Birdy,neo mellow,3.222336,77.0,2014,83.0,71.0,47.0,-5.0,16.0,22.0,252.0,8.0,3.0,62,0
Can't Remember to Forget You (feat. Rihanna),Shakira,colombian pop,21.244925,88.0,2014,138.0,81.0,69.0,-4.0,14.0,82.0,207.0,12.0,7.0,62,0
Shot Me Down (feat. Skylar Grey) - Radio Edit,David Guetta,dance pop,22.306494,91.0,2014,192.0,77.0,35.0,-4.0,12.0,4.0,191.0,6.0,5.0,61,1
Say Something,A Great Big World,neo mellow,0.44692299999999996,70.0,2014,138.0,15.0,45.0,-9.0,9.0,9.0,229.0,87.0,3.0,61,0
A Sky Full of Stars,Coldplay,permanent wave,29.455218,90.0,2014,125.0,68.0,55.0,-6.0,21.0,16.0,268.0,1.0,3.0,60,0
Come Get It Bae,Pharrell Williams,dance pop,3.480349,83.0,2014,120.0,80.0,93.0,-6.0,10.0,90.0,202.0,27.0,8.0,59,1
Chandelier,Sia,australian dance,19.105953,91.0,2014,174.0,78.0,29.0,-3.0,7.0,62.0,216.0,2.0,7.0,56,0
XO,Beyoncé,dance pop,26.71493,89.0,2014,170.0,79.0,47.0,-9.0,31.0,21.0,216.0,17.0,26.0,56,1
We Are One (Ole Ola) [The Official 2014 FIFA World Cup Song],Pitbull,dance pop,8.302253,87.0,2014,125.0,94.0,60.0,-4.0,10.0,55.0,222.0,0.0,7.0,56,1
Not About Angels,Birdy,neo mellow,3.222336,77.0,2014,116.0,14.0,41.0,-10.0,9.0,23.0,190.0,97.0,4.0,56,0
Drunk in Love,Beyoncé,dance pop,26.71493,89.0,2014,140.0,62.0,59.0,-7.0,18.0,40.0,323.0,1.0,5.0,52,1
Anaconda,Nicki Minaj,dance pop,20.733813,91.0,2014,130.0,60.0,96.0,-6.0,21.0,65.0,260.0,7.0,18.0,50,1
Boom Clap - From the Motion Picture Das Schicksal ist ein mieser Verräter,Charli XCX,candy pop,2.267593,79.0,2014,92.0,81.0,68.0,-4.0,34.0,64.0,169.0,7.0,6.0,50,0
La La La (Brasil 2014) (feat. Carlinhos Brown),Shakira,colombian pop,21.244925,88.0,2014,128.0,82.0,80.0,-5.0,35.0,61.0,198.0,18.0,4.0,50,0
Tee Shirt - Soundtrack Version,Birdy,neo mellow,3.222336,77.0,2014,76.0,34.0,68.0,-9.0,9.0,56.0,160.0,84.0,3.0,49,0
Words as Weapons,Birdy,neo mellow,3.222336,77.0,2014,120.0,35.0,53.0,-9.0,14.0,19.0,239.0,28.0,3.0,44,0
You're Mine (Eternal),Mariah Carey,dance pop,6.457953,82.0,2014,149.0,58.0,63.0,-7.0,38.0,56.0,224.0,28.0,7.0,38,1
Sheezus,Lily Allen,dance pop,1.687632,73.0,2014,130.0,50.0,78.0,-7.0,11.0,39.0,235.0,15.0,4.0,37,1
Cannonball,Lea Michele,hollywood,0.45588,58.0,2014,92.0,82.0,56.0,-3.0,19.0,57.0,215.0,2.0,5.0,37,0
It's On Again - Main Soundtrack,Alicia Keys,hip pop,8.491202000000001,83.0,2014,110.0,54.0,64.0,-9.0,25.0,53.0,230.0,10.0,11.0,30,0
I Luh Ya Papi,Jennifer Lopez,dance pop,9.663594,81.0,2014,96.0,73.0,74.0,-6.0,12.0,59.0,207.0,45.0,42.0,28,1
Not a Bad Thing,Justin Timberlake,dance pop,10.515901,85.0,2014,86.0,73.0,59.0,-6.0,38.0,46.0,266.0,27.0,6.0,0,1
Thinking out Loud,Ed Sheeran,pop,77.890588,94.0,2015,79.0,45.0,78.0,-6.0,18.0,59.0,282.0,47.0,3.0,84,0
I'm Not The Only One,Sam Smith,pop,15.89189,89.0,2015,82.0,49.0,68.0,-6.0,8.0,49.0,239.0,53.0,4.0,84,0
The Hills,The Weeknd,canadian contemporary r&b,30.336501000000002,98.0,2015,113.0,56.0,58.0,-7.0,14.0,14.0,242.0,7.0,5.0,84,0
Love Yourself,Justin Bieber,canadian pop,43.75545200000001,98.0,2015,100.0,38.0,61.0,-10.0,28.0,52.0,234.0,84.0,44.0,83,0
Uptown Funk,Mark Ronson,dance pop,0.8966729999999999,81.0,2015,115.0,61.0,86.0,-7.0,3.0,93.0,270.0,1.0,8.0,82,1
Take Me To Church,Hozier,irish singer-songwriter,4.554774,83.0,2015,129.0,66.0,57.0,-5.0,12.0,44.0,242.0,63.0,5.0,81,0
Sugar,Maroon 5,pop,29.955690999999998,91.0,2015,120.0,79.0,75.0,-7.0,9.0,88.0,235.0,6.0,3.0,81,0
Sorry,Justin Bieber,canadian pop,43.75545200000001,98.0,2015,100.0,76.0,65.0,-4.0,30.0,41.0,201.0,8.0,5.0,81,0
FourFiveSeconds,Rihanna,barbadian pop,41.858636,93.0,2015,206.0,27.0,58.0,-6.0,13.0,35.0,188.0,88.0,5.0,80,0
"Love Me Like You Do - From ""Fifty Shades Of Grey""",Ellie Goulding,dance pop,9.247324,84.0,2015,190.0,61.0,26.0,-7.0,13.0,28.0,253.0,25.0,5.0,79,1
"Earned It (Fifty Shades Of Grey) - From The ""Fifty Shades Of Grey"" Soundtrack",The Weeknd,canadian contemporary r&b,30.336501000000002,98.0,2015,120.0,38.0,66.0,-6.0,10.0,44.0,252.0,39.0,3.0,79,0
What Do You Mean?,Justin Bieber,canadian pop,43.75545200000001,98.0,2015,125.0,57.0,85.0,-8.0,8.0,79.0,206.0,59.0,10.0,79,0
Stitches,Shawn Mendes,canadian pop,32.070046000000005,91.0,2015,150.0,75.0,75.0,-7.0,5.0,76.0,207.0,2.0,7.0,78,0
Want to Want Me,Jason Derulo,dance pop,9.081838000000001,89.0,2015,114.0,68.0,78.0,-6.0,11.0,66.0,208.0,1.0,6.0,77,1
My House,Flo Rida,dance pop,7.995771,83.0,2015,94.0,70.0,69.0,-5.0,13.0,74.0,192.0,2.0,5.0,77,1
Waves - Robin Schulz Radio Edit,Mr. Probz,tropical house,0.306992,71.0,2015,120.0,51.0,83.0,-9.0,8.0,45.0,208.0,1.0,4.0,77,0
Night Changes,One Direction,boy band,20.573,91.0,2015,120.0,52.0,67.0,-8.0,12.0,37.0,227.0,86.0,4.0,77,0
How Deep Is Your Love,Calvin Harris,dance pop,21.442367,88.0,2015,122.0,87.0,74.0,-4.0,39.0,34.0,213.0,4.0,7.0,77,1
Never Forget You,Zara Larsson,dance pop,8.549389,83.0,2015,146.0,73.0,58.0,-6.0,27.0,28.0,213.0,0.0,5.0,77,1
Love Me Harder,Ariana Grande,dance pop,60.010425,97.0,2015,99.0,71.0,47.0,-4.0,8.0,24.0,236.0,1.0,3.0,76,1
Animals,Maroon 5,pop,29.955690999999998,91.0,2015,190.0,74.0,28.0,-6.0,59.0,33.0,231.0,0.0,9.0,76,0
Blame,Calvin Harris,dance pop,21.442367,88.0,2015,128.0,86.0,41.0,-4.0,34.0,35.0,213.0,3.0,8.0,76,1
Worth It,Fifth Harmony,dance pop,12.370978,76.0,2015,100.0,77.0,88.0,-4.0,12.0,59.0,225.0,6.0,9.0,75,1
Break Free,Ariana Grande,dance pop,60.010425,97.0,2015,130.0,70.0,69.0,-5.0,20.0,28.0,215.0,1.0,5.0,75,1
Don't,Ed Sheeran,pop,77.890588,94.0,2015,95.0,61.0,81.0,-7.0,64.0,85.0,220.0,1.0,7.0,74,0
Elastic Heart,Sia,australian dance,19.105953,91.0,2015,130.0,79.0,42.0,-5.0,15.0,50.0,257.0,1.0,5.0,73,0
Rather Be (feat. Jess Glynne),Clean Bandit,dance pop,4.255196,82.0,2015,121.0,59.0,80.0,-7.0,19.0,55.0,228.0,16.0,4.0,73,1
Hello,Adele,british soul,26.369721999999996,86.0,2015,158.0,45.0,48.0,-6.0,9.0,29.0,295.0,34.0,3.0,73,0
Dear Future Husband,Meghan Trainor,dance pop,10.213531,81.0,2015,79.0,78.0,66.0,-5.0,32.0,83.0,184.0,38.0,19.0,72,1
43776,Beyoncé,dance pop,26.71493,89.0,2015,136.0,71.0,75.0,-5.0,13.0,56.0,214.0,1.0,13.0,72,1
The Heart Wants What It Wants,Selena Gomez,dance pop,26.161775,91.0,2015,83.0,79.0,62.0,-5.0,14.0,62.0,227.0,5.0,4.0,72,1
"Hey Mama (feat. Nicki Minaj, Bebe Rexha & Afrojack)",David Guetta,dance pop,22.306494,91.0,2015,86.0,73.0,60.0,-4.0,33.0,53.0,193.0,24.0,15.0,72,1
Genie In a Bottle,Christina Aguilera,dance pop,5.976217,83.0,2015,176.0,80.0,63.0,-7.0,14.0,91.0,218.0,21.0,16.0,72,1
Company,Justin Bieber,canadian pop,43.75545200000001,98.0,2015,95.0,80.0,59.0,-5.0,8.0,43.0,208.0,13.0,6.0,72,0
Sing,Ed Sheeran,pop,77.890588,94.0,2015,120.0,67.0,82.0,-4.0,6.0,94.0,235.0,30.0,5.0,71,0
Jealous - Remix,Nick Jonas,dance pop,7.1842,77.0,2015,93.0,71.0,68.0,-4.0,44.0,45.0,222.0,1.0,8.0,70,1
Really Don't Care,Demi Lovato,dance pop,19.291866,87.0,2015,121.0,73.0,71.0,-4.0,19.0,85.0,202.0,12.0,9.0,70,1
"Downtown (feat. Melle Mel, Grandmaster Caz, Kool Moe Dee & Eric Nally)",Macklemore & Ryan Lewis,dance pop,2.5591459999999997,79.0,2015,110.0,61.0,83.0,-4.0,29.0,71.0,293.0,9.0,7.0,70,1
Only Love Can Hurt Like This,Paloma Faith,british soul,0.9212799999999999,67.0,2015,91.0,89.0,57.0,-5.0,33.0,31.0,233.0,10.0,8.0,69,0
Heartbeat Song,Kelly Clarkson,dance pop,7.4938600000000015,79.0,2015,149.0,80.0,49.0,-4.0,6.0,48.0,199.0,1.0,5.0,69,1
Up,Olly Murs,dance pop,2.937575,72.0,2015,115.0,85.0,69.0,-5.0,10.0,64.0,224.0,2.0,3.0,69,1
Trumpets,Jason Derulo,dance pop,9.081838000000001,89.0,2015,82.0,70.0,63.0,-5.0,10.0,64.0,217.0,56.0,24.0,69,1
Runnin' (Lose It All),Naughty Boy,tropical house,0.298039,65.0,2015,139.0,85.0,32.0,-6.0,48.0,8.0,213.0,1.0,8.0,69,0
Same Old Love,Selena Gomez,dance pop,26.161775,91.0,2015,98.0,59.0,67.0,-4.0,21.0,44.0,229.0,2.0,3.0,69,1
I Want You To Know,Zedd,complextro,5.400656,82.0,2015,130.0,85.0,58.0,-3.0,14.0,37.0,240.0,1.0,6.0,68,0
Lips Are Movin,Meghan Trainor,dance pop,10.213531,81.0,2015,139.0,83.0,78.0,-5.0,11.0,95.0,183.0,5.0,5.0,68,1
I'll Show You,Justin Bieber,canadian pop,43.75545200000001,98.0,2015,192.0,61.0,36.0,-7.0,18.0,8.0,200.0,5.0,10.0,68,0
Here,Alessia Cara,canadian contemporary r&b,8.589906,82.0,2015,120.0,82.0,38.0,-4.0,8.0,33.0,199.0,8.0,10.0,68,0
I Lived,OneRepublic,dance pop,11.507962,85.0,2015,120.0,85.0,59.0,-5.0,27.0,34.0,235.0,7.0,4.0,67,1
Fireball (feat. John Ryan),Pitbull,dance pop,8.302253,87.0,2015,123.0,94.0,69.0,-5.0,5.0,79.0,235.0,9.0,6.0,67,1
Easy Love,Sigala,dance pop,1.244632,79.0,2015,124.0,94.0,68.0,-4.0,12.0,65.0,230.0,18.0,6.0,67,1
The Feeling,Justin Bieber,canadian pop,43.75545200000001,98.0,2015,127.0,81.0,53.0,-6.0,10.0,21.0,245.0,8.0,6.0,67,0
I Really Like You,Carly Rae Jepsen,canadian pop,4.512754,76.0,2015,122.0,81.0,62.0,-5.0,22.0,60.0,205.0,1.0,4.0,66,0
BO$$,Fifth Harmony,dance pop,12.370978,76.0,2015,103.0,87.0,81.0,-5.0,5.0,74.0,171.0,1.0,11.0,66,1
Sugar,Maroon 5,pop,29.955690999999998,91.0,2015,120.0,79.0,75.0,-7.0,9.0,88.0,235.0,6.0,3.0,66,0
Focus,Ariana Grande,dance pop,60.010425,97.0,2015,100.0,88.0,67.0,-6.0,44.0,79.0,211.0,27.0,24.0,66,1
All About That Bass,Meghan Trainor,dance pop,10.213531,81.0,2015,134.0,88.0,81.0,-4.0,11.0,96.0,189.0,5.0,5.0,65,1
On My Mind,Ellie Goulding,dance pop,9.247324,84.0,2015,155.0,71.0,70.0,-7.0,9.0,74.0,213.0,26.0,5.0,65,1
Love Me Like You,Little Mix,dance pop,8.853859,85.0,2015,106.0,67.0,79.0,-4.0,28.0,85.0,198.0,21.0,4.0,65,1
Broken Arrows,Avicii,big room,19.367148999999998,86.0,2015,116.0,67.0,63.0,-7.0,10.0,29.0,233.0,5.0,5.0,65,0
Booty,Jennifer Lopez,dance pop,9.663594,81.0,2015,129.0,95.0,71.0,-4.0,26.0,40.0,210.0,0.0,5.0,64,1
What Do You Mean? - Acoustic,Justin Bieber,canadian pop,43.75545200000001,98.0,2015,125.0,36.0,77.0,-11.0,10.0,76.0,204.0,79.0,4.0,64,0
Mark My Words,Justin Bieber,canadian pop,43.75545200000001,98.0,2015,114.0,26.0,38.0,-9.0,17.0,52.0,134.0,88.0,3.0,63,0
Lay It All on Me,Rudimental,dance pop,1.256618,78.0,2015,123.0,75.0,67.0,-7.0,19.0,48.0,242.0,14.0,4.0,62,1
American Oxygen,Rihanna,barbadian pop,41.858636,93.0,2015,78.0,75.0,39.0,-6.0,33.0,48.0,320.0,5.0,9.0,61,0
Bang Bang,Jessie J,australian pop,8.417336,77.0,2015,150.0,75.0,71.0,-4.0,38.0,73.0,199.0,27.0,9.0,61,0
Reality - Radio Edit,Lost Frequencies,belgian edm,2.092079,77.0,2015,122.0,70.0,71.0,-8.0,7.0,60.0,159.0,2.0,3.0,61,0
Alive,Sia,australian dance,19.105953,91.0,2015,100.0,76.0,51.0,-4.0,11.0,44.0,264.0,25.0,5.0,61,0
Sugar (feat. Francesco Yates),Robin Schulz,dance pop,2.6773860000000003,85.0,2015,123.0,82.0,64.0,-5.0,16.0,64.0,219.0,2.0,6.0,60,1
Been You,Justin Bieber,canadian pop,43.75545200000001,98.0,2015,113.0,78.0,74.0,-6.0,32.0,86.0,199.0,2.0,7.0,60,0
Prayer in C - Robin Schulz Radio Edit,Lilly Wood and The Prick,french indie pop,0.224754,66.0,2015,123.0,89.0,76.0,-5.0,62.0,78.0,189.0,2.0,3.0,58,0
See You Again (feat. Charlie Puth),Wiz Khalifa,hip hop,9.851189999999999,89.0,2015,80.0,48.0,69.0,-8.0,6.0,28.0,230.0,37.0,8.0,56,0
Heroes (we could be),Alesso,big room,3.5843550000000004,80.0,2015,126.0,75.0,52.0,-4.0,24.0,35.0,210.0,4.0,6.0,56,0
"Feel The Light - From The ""Home"" Soundtrack",Jennifer Lopez,dance pop,9.663594,81.0,2015,156.0,60.0,47.0,-6.0,9.0,4.0,292.0,33.0,5.0,55,1
Perfect,One Direction,boy band,20.573,91.0,2015,100.0,82.0,65.0,-5.0,12.0,40.0,230.0,6.0,8.0,55,0
Ghosttown,Madonna,dance pop,4.889056,81.0,2015,79.0,55.0,54.0,-7.0,12.0,9.0,250.0,4.0,4.0,54,1
Bang My Head (feat. Sia & Fetty Wap),David Guetta,dance pop,22.306494,91.0,2015,108.0,87.0,60.0,-4.0,10.0,59.0,193.0,5.0,8.0,54,1
Bloodstream,Ed Sheeran,pop,77.890588,94.0,2015,89.0,59.0,48.0,-6.0,6.0,27.0,309.0,20.0,5.0,52,0
Living For Love,Madonna,dance pop,4.889056,81.0,2015,123.0,79.0,67.0,-5.0,25.0,39.0,219.0,4.0,9.0,52,1
Baby Don't Lie,Gwen Stefani,dance pop,4.5511610000000005,78.0,2015,100.0,55.0,69.0,-5.0,10.0,26.0,203.0,1.0,3.0,52,1
Don't Be so Hard on Yourself,Jess Glynne,dance pop,2.461045,80.0,2015,120.0,82.0,57.0,-3.0,16.0,66.0,211.0,6.0,3.0,52,1
Steal My Girl,One Direction,boy band,20.573,91.0,2015,77.0,76.0,47.0,-6.0,14.0,52.0,227.0,0.0,4.0,51,0
"Celebrate (From the Original Motion Picture ""Penguins of Madagascar"")",Pitbull,dance pop,8.302253,87.0,2015,127.0,85.0,68.0,-3.0,6.0,93.0,193.0,1.0,6.0,50,1
We Are Here,Alicia Keys,hip pop,8.491202000000001,83.0,2015,93.0,67.0,64.0,-6.0,8.0,8.0,285.0,43.0,4.0,49,0
St Jude,Florence + The Machine,art pop,5.513621,78.0,2015,117.0,43.0,26.0,-11.0,11.0,9.0,225.0,75.0,3.0,47,0
Yesterday (feat. Bebe Rexha),David Guetta,dance pop,22.306494,91.0,2015,128.0,78.0,57.0,-4.0,33.0,28.0,243.0,2.0,3.0,46,1
Time of Our Lives,Pitbull,dance pop,8.302253,87.0,2015,124.0,80.0,72.0,-6.0,69.0,72.0,229.0,9.0,6.0,45,1
Sparks,Hilary Duff,dance pop,1.798541,61.0,2015,122.0,88.0,85.0,-5.0,10.0,79.0,186.0,4.0,6.0,44,1
Mr. Put It Down,Ricky Martin,dance pop,5.801775,79.0,2015,128.0,78.0,80.0,-6.0,4.0,83.0,196.0,1.0,18.0,42,1
Legendary Lovers,Katy Perry,dance pop,17.821796,88.0,2015,126.0,84.0,62.0,-5.0,8.0,39.0,224.0,2.0,8.0,41,1
Spark The Fire,Gwen Stefani,dance pop,4.5511610000000005,78.0,2015,120.0,80.0,88.0,-4.0,20.0,54.0,202.0,8.0,6.0,39,1
Run Run Run,Kelly Clarkson,dance pop,7.4938600000000015,79.0,2015,112.0,37.0,28.0,-7.0,11.0,8.0,273.0,45.0,4.0,36,1
Let Me Be Your Lover,Enrique Iglesias,dance pop,9.980979,81.0,2015,112.0,90.0,72.0,-4.0,6.0,88.0,238.0,1.0,13.0,34,1
Dangerous,Jennifer Hudson,dance pop,1.2674940000000001,64.0,2015,109.0,53.0,90.0,-5.0,8.0,65.0,255.0,0.0,5.0,18,1
L.A.LOVE (la la),Fergie,dance pop,4.3399019999999995,75.0,2015,202.0,39.0,48.0,-8.0,26.0,27.0,193.0,2.0,9.0,0,1
The Hills,The Weeknd,canadian contemporary r&b,30.336501000000002,98.0,2016,113.0,56.0,58.0,-7.0,14.0,14.0,242.0,7.0,5.0,84,0
Love Yourself,Justin Bieber,canadian pop,43.75545200000001,98.0,2016,100.0,38.0,61.0,-10.0,28.0,52.0,234.0,84.0,44.0,83,0
Cake By The Ocean,DNCE,dance pop,3.6440550000000003,72.0,2016,119.0,75.0,77.0,-5.0,4.0,90.0,219.0,15.0,5.0,81,1
Don't Let Me Down,The Chainsmokers,electropop,17.62492,86.0,2016,160.0,87.0,53.0,-5.0,14.0,42.0,208.0,16.0,17.0,81,0
In the Name of Love,Martin Garrix,big room,14.496326000000002,84.0,2016,134.0,52.0,50.0,-6.0,45.0,17.0,196.0,11.0,4.0,81,0
Into You,Ariana Grande,dance pop,60.010425,97.0,2016,108.0,73.0,62.0,-6.0,14.0,37.0,244.0,2.0,11.0,80,1
This Is What You Came For,Calvin Harris,dance pop,21.442367,88.0,2016,124.0,93.0,63.0,-3.0,15.0,47.0,222.0,20.0,3.0,80,1
Million Reasons,Lady Gaga,dance pop,16.716518,90.0,2016,130.0,42.0,67.0,-8.0,11.0,15.0,205.0,49.0,4.0,80,1
Needed Me,Rihanna,barbadian pop,41.858636,93.0,2016,111.0,31.0,67.0,-8.0,8.0,30.0,192.0,11.0,24.0,80,0
7 Years,Lukas Graham,danish pop,1.7848240000000002,78.0,2016,120.0,47.0,77.0,-6.0,39.0,34.0,237.0,29.0,5.0,80,0
"CAN'T STOP THE FEELING! (Original Song from DreamWorks Animation's ""TROLLS"")",Justin Timberlake,dance pop,10.515901,85.0,2016,113.0,83.0,67.0,-6.0,19.0,70.0,236.0,1.0,7.0,79,1
Work from Home (feat. Ty Dolla $ign),Fifth Harmony,dance pop,12.370978,76.0,2016,105.0,59.0,80.0,-6.0,6.0,59.0,214.0,10.0,4.0,79,1
Scars To Your Beautiful,Alessia Cara,canadian contemporary r&b,8.589906,82.0,2016,97.0,74.0,57.0,-6.0,11.0,45.0,230.0,3.0,13.0,79,0
Like I'm Gonna Lose You (feat. John Legend),Meghan Trainor,dance pop,10.213531,81.0,2016,108.0,53.0,63.0,-7.0,18.0,42.0,225.0,40.0,4.0,79,1
Work,Rihanna,barbadian pop,41.858636,93.0,2016,92.0,53.0,73.0,-6.0,9.0,56.0,219.0,8.0,9.0,78,0
Stitches,Shawn Mendes,canadian pop,32.070046000000005,91.0,2016,150.0,75.0,75.0,-7.0,5.0,76.0,207.0,2.0,7.0,78,0
"Me, Myself & I",G-Eazy,hip hop,4.795313,85.0,2016,112.0,67.0,76.0,-7.0,16.0,38.0,251.0,2.0,10.0,78,0
I Took A Pill In Ibiza - Seeb Remix,Mike Posner,dance pop,1.123621,76.0,2016,102.0,71.0,66.0,-7.0,8.0,69.0,198.0,4.0,11.0,78,1
Dangerous Woman,Ariana Grande,dance pop,60.010425,97.0,2016,134.0,60.0,66.0,-5.0,36.0,29.0,236.0,5.0,4.0,78,1
Starving,Hailee Steinfeld,dance pop,6.617791,79.0,2016,100.0,62.0,73.0,-4.0,11.0,51.0,182.0,38.0,6.0,78,1
Shout Out to My Ex,Little Mix,dance pop,8.853859,85.0,2016,126.0,75.0,77.0,-4.0,11.0,80.0,246.0,2.0,9.0,77,1
Electric Love,BØRNS,electropop,0.981865,76.0,2016,120.0,80.0,61.0,-8.0,26.0,52.0,218.0,1.0,5.0,76,0
Confident,Demi Lovato,dance pop,19.291866,87.0,2016,130.0,75.0,59.0,-6.0,9.0,34.0,206.0,0.0,7.0,75,1
Too Good,Drake,canadian hip hop,53.806406,100.0,2016,118.0,65.0,79.0,-8.0,10.0,39.0,263.0,5.0,10.0,74,0
Roses,The Chainsmokers,electropop,17.62492,86.0,2016,100.0,80.0,71.0,-7.0,31.0,34.0,227.0,4.0,6.0,74,0
Cold Water (feat. Justin Bieber & MØ),Major Lazer,dance pop,6.163312,82.0,2016,93.0,80.0,61.0,-5.0,16.0,50.0,185.0,7.0,4.0,73,1
Me Too,Meghan Trainor,dance pop,10.213531,81.0,2016,124.0,69.0,93.0,-6.0,48.0,84.0,181.0,10.0,10.0,73,1
Light It Up (feat. Nyla & Fuse ODG) [Remix],Major Lazer,dance pop,6.163312,82.0,2016,108.0,88.0,75.0,-4.0,23.0,75.0,166.0,4.0,7.0,73,1
Ain't Your Mama,Jennifer Lopez,dance pop,9.663594,81.0,2016,120.0,68.0,76.0,-6.0,7.0,82.0,218.0,5.0,23.0,72,1
Close,Nick Jonas,dance pop,7.1842,77.0,2016,124.0,62.0,65.0,-5.0,14.0,40.0,234.0,25.0,8.0,72,1
Toothbrush,DNCE,dance pop,3.6440550000000003,72.0,2016,105.0,79.0,55.0,-6.0,47.0,82.0,232.0,12.0,13.0,72,1
All We Know,The Chainsmokers,electropop,17.62492,86.0,2016,90.0,59.0,66.0,-9.0,12.0,30.0,194.0,10.0,3.0,72,0
Final Song,MØ,dance pop,10.515901,86.0,2016,105.0,67.0,70.0,-6.0,8.0,25.0,236.0,1.0,3.0,72,1
Company,Justin Bieber,canadian pop,43.75545200000001,98.0,2016,95.0,80.0,59.0,-5.0,8.0,43.0,208.0,13.0,6.0,72,0
Hands To Myself,Selena Gomez,dance pop,26.161775,91.0,2016,111.0,50.0,81.0,-7.0,34.0,47.0,201.0,1.0,12.0,71,1
All I Ask,Adele,british soul,26.369721999999996,86.0,2016,142.0,28.0,59.0,-5.0,15.0,34.0,272.0,88.0,3.0,71,0
"Just Like Fire (From the Original Motion Picture ""Alice Through The Looking Glass"")",P!nk,dance pop,10.558136,86.0,2016,163.0,70.0,63.0,-6.0,11.0,50.0,215.0,1.0,15.0,71,1
NO,Meghan Trainor,dance pop,10.213531,81.0,2016,92.0,80.0,56.0,-4.0,74.0,65.0,214.0,1.0,22.0,70,1
Kill Em With Kindness,Selena Gomez,dance pop,26.161775,91.0,2016,120.0,88.0,76.0,-5.0,10.0,40.0,218.0,1.0,4.0,70,1
Cool Girl,Tove Lo,dance pop,2.704375,81.0,2016,102.0,69.0,67.0,-7.0,8.0,20.0,199.0,31.0,11.0,69,1
Runnin' (Lose It All),Naughty Boy,tropical house,0.298039,65.0,2016,139.0,85.0,32.0,-6.0,48.0,8.0,213.0,1.0,8.0,69,0
Here,Alessia Cara,canadian contemporary r&b,8.589906,82.0,2016,120.0,82.0,38.0,-4.0,8.0,33.0,199.0,8.0,10.0,68,0
Perfect Illusion,Lady Gaga,dance pop,16.716518,90.0,2016,125.0,86.0,61.0,-5.0,36.0,66.0,182.0,0.0,4.0,67,1
PILLOWTALK,ZAYN,dance pop,15.091428,85.0,2016,125.0,70.0,59.0,-4.0,9.0,43.0,204.0,10.0,5.0,66,1
Out Of The Woods,Taylor Swift,pop,38.00574,98.0,2016,92.0,84.0,55.0,-7.0,34.0,34.0,236.0,0.0,4.0,66,0
Rise,Katy Perry,dance pop,17.821796,88.0,2016,101.0,64.0,55.0,-6.0,11.0,44.0,203.0,5.0,5.0,66,1
Wherever I Go,OneRepublic,dance pop,11.507962,85.0,2016,100.0,69.0,55.0,-6.0,27.0,35.0,170.0,9.0,4.0,66,1
Body Say,Demi Lovato,dance pop,19.291866,87.0,2016,87.0,74.0,63.0,-5.0,28.0,26.0,194.0,0.0,4.0,65,1
Don't Be A Fool,Shawn Mendes,canadian pop,32.070046000000005,91.0,2016,175.0,34.0,47.0,-6.0,10.0,27.0,216.0,60.0,4.0,65,0
LIKE I WOULD,ZAYN,dance pop,15.091428,85.0,2016,113.0,83.0,56.0,-6.0,26.0,23.0,192.0,2.0,11.0,65,1
Cheap Thrills,Sia,australian dance,19.105953,91.0,2016,90.0,80.0,59.0,-5.0,8.0,73.0,225.0,6.0,22.0,64,0
I Got You,Bebe Rexha,dance pop,6.2235629999999995,85.0,2016,98.0,89.0,61.0,-5.0,9.0,32.0,192.0,5.0,5.0,64,1
Run Away With Me,Carly Rae Jepsen,canadian pop,4.512754,76.0,2016,119.0,72.0,56.0,-6.0,5.0,25.0,251.0,1.0,5.0,63,0
Cruel (feat. ZAYN),Snakehips,dance pop,0.32995399999999997,70.0,2016,110.0,88.0,60.0,-4.0,16.0,32.0,228.0,2.0,12.0,63,1
Send My Love (To Your New Lover),Adele,british soul,26.369721999999996,86.0,2016,164.0,52.0,69.0,-8.0,17.0,56.0,223.0,4.0,10.0,61,0
WTF (Where They From),Missy Elliott,dance pop,1.599309,77.0,2016,120.0,82.0,93.0,-3.0,6.0,56.0,193.0,2.0,20.0,58,1
Desire,Years & Years,dance pop,1.594948,73.0,2016,126.0,78.0,71.0,-5.0,30.0,64.0,203.0,30.0,6.0,58,1
When We Were Young,Adele,british soul,26.369721999999996,86.0,2016,144.0,59.0,38.0,-6.0,9.0,27.0,291.0,35.0,5.0,58,0
I Know What You Did Last Summer,Shawn Mendes,canadian pop,32.070046000000005,91.0,2016,114.0,77.0,68.0,-5.0,16.0,72.0,224.0,11.0,10.0,57,0
Wish That You Were Here - From Miss Peregrines Home for Peculiar Children Original Motion Picture,Florence + The Machine,art pop,5.513621,78.0,2016,94.0,57.0,37.0,-6.0,13.0,12.0,403.0,72.0,3.0,57,0
Hurts,Emeli Sandé,dance pop,2.012163,71.0,2016,106.0,64.0,58.0,-8.0,15.0,18.0,238.0,2.0,3.0,57,1
Change,Christina Aguilera,dance pop,5.976217,83.0,2016,82.0,54.0,62.0,-6.0,13.0,20.0,187.0,68.0,8.0,54,1
Make Me... (feat. G-Eazy),Britney Spears,dance pop,8.732805,85.0,2016,123.0,70.0,70.0,-7.0,22.0,58.0,231.0,16.0,10.0,53,1
Keeping Your Head Up,Birdy,neo mellow,3.222336,77.0,2016,122.0,78.0,60.0,-5.0,19.0,53.0,208.0,16.0,5.0,52,0
True Colors,Zedd,complextro,5.400656,82.0,2016,126.0,79.0,57.0,-3.0,10.0,49.0,225.0,40.0,4.0,51,0
Make Me Like You,Gwen Stefani,dance pop,4.5511610000000005,78.0,2016,118.0,71.0,74.0,-5.0,13.0,80.0,217.0,4.0,5.0,50,1
Champagne Problems,Nick Jonas,dance pop,7.1842,77.0,2016,108.0,78.0,73.0,-5.0,9.0,64.0,193.0,0.0,13.0,50,1
Blown,DNCE,dance pop,3.6440550000000003,72.0,2016,130.0,95.0,63.0,-5.0,10.0,73.0,197.0,0.0,4.0,48,1
Start,John Legend,neo mellow,5.566783,84.0,2016,110.0,4.0,52.0,-15.0,9.0,26.0,310.0,99.0,4.0,47,0
Pep Rally,Missy Elliott,dance pop,1.599309,77.0,2016,90.0,75.0,83.0,-4.0,20.0,32.0,263.0,22.0,12.0,47,1
Higher,Carly Rae Jepsen,canadian pop,4.512754,76.0,2016,114.0,87.0,65.0,-5.0,37.0,44.0,234.0,1.0,6.0,46,0
Invitation,Britney Spears,dance pop,8.732805,85.0,2016,112.0,65.0,37.0,-7.0,9.0,16.0,200.0,3.0,11.0,44,1
One Call Away (feat. Tyga) - Remix,Charlie Puth,dance pop,12.666400999999999,83.0,2016,91.0,69.0,75.0,-5.0,13.0,52.0,192.0,26.0,4.0,41,1
Beautiful Birds (feat. Birdy),Passenger,folk-pop,2.75047,78.0,2016,86.0,17.0,39.0,-13.0,11.0,14.0,214.0,91.0,3.0,36,0
Little Lies,Hilary Duff,dance pop,1.798541,61.0,2016,124.0,76.0,57.0,-6.0,4.0,40.0,204.0,0.0,6.0,36,1
Do You Wanna Come Over?,Britney Spears,dance pop,8.732805,85.0,2016,121.0,70.0,75.0,-6.0,11.0,45.0,203.0,1.0,7.0,34,1
BURNITUP!,Janet Jackson,dance pop,2.433459,72.0,2016,123.0,71.0,83.0,-7.0,31.0,83.0,250.0,5.0,18.0,31,1
Picky - Remix,Joey Montana,latin,2.172482,67.0,2016,186.0,81.0,70.0,-3.0,37.0,69.0,225.0,9.0,7.0,29,0
Behind Your Back,Nelly Furtado,canadian latin,2.461986,79.0,2016,98.0,47.0,80.0,-10.0,7.0,69.0,228.0,25.0,4.0,18,0
Million Years Ago,Adele,british soul,26.369721999999996,86.0,2016,0.0,0.0,0.0,-60.0,0.0,0.0,227.0,0.0,0.0,0,0
Shape of You,Ed Sheeran,pop,77.890588,94.0,2017,96.0,65.0,83.0,-3.0,9.0,93.0,234.0,58.0,8.0,87,0
Closer,The Chainsmokers,electropop,17.62492,86.0,2017,95.0,52.0,75.0,-6.0,11.0,66.0,245.0,41.0,3.0,86,0
Starboy,The Weeknd,canadian contemporary r&b,30.336501000000002,98.0,2017,186.0,59.0,68.0,-7.0,14.0,49.0,230.0,14.0,28.0,85,0
Treat You Better,Shawn Mendes,canadian pop,32.070046000000005,91.0,2017,83.0,82.0,44.0,-4.0,11.0,75.0,188.0,11.0,34.0,84,0
That's What I Like,Bruno Mars,pop,29.381078999999996,93.0,2017,134.0,56.0,85.0,-5.0,9.0,86.0,207.0,1.0,4.0,83,0
Let Me Love You,DJ Snake,electronic trap,7.285783,84.0,2017,100.0,72.0,65.0,-5.0,14.0,16.0,206.0,9.0,3.0,82,0
I Feel It Coming,The Weeknd,canadian contemporary r&b,30.336501000000002,98.0,2017,93.0,82.0,77.0,-6.0,7.0,59.0,269.0,43.0,12.0,81,0
Mercy,Shawn Mendes,canadian pop,32.070046000000005,91.0,2017,148.0,66.0,56.0,-5.0,11.0,36.0,209.0,13.0,8.0,81,0
Side To Side,Ariana Grande,dance pop,60.010425,97.0,2017,159.0,74.0,65.0,-6.0,24.0,61.0,226.0,5.0,23.0,80,1
Stay,Zedd,complextro,5.400656,82.0,2017,102.0,62.0,69.0,-5.0,12.0,54.0,210.0,25.0,6.0,80,0
It Ain't Me (with Selena Gomez),Kygo,edm,7.304519,87.0,2017,100.0,53.0,64.0,-7.0,9.0,52.0,221.0,12.0,7.0,79,0
Malibu,Miley Cyrus,dance pop,14.537891,90.0,2017,140.0,78.0,57.0,-6.0,8.0,34.0,232.0,8.0,6.0,78,1
Something Just Like This,The Chainsmokers,electropop,17.62492,86.0,2017,103.0,65.0,61.0,-7.0,17.0,51.0,248.0,3.0,4.0,78,0
Rockabye (feat. Sean Paul & Anne-Marie),Clean Bandit,dance pop,4.255196,82.0,2017,102.0,76.0,72.0,-4.0,18.0,74.0,251.0,41.0,5.0,78,1
I Dont Wanna Live Forever (Fifty Shades Darker),ZAYN,dance pop,15.091428,85.0,2017,118.0,45.0,74.0,-8.0,33.0,9.0,245.0,6.0,6.0,78,1
My Way,Calvin Harris,dance pop,21.442367,88.0,2017,120.0,91.0,82.0,-3.0,16.0,54.0,219.0,9.0,4.0,78,1
"I'm the One (feat. Justin Bieber, Quavo, Chance the Rapper & Lil Wayne)",DJ Khaled,dance pop,5.828279,83.0,2017,81.0,67.0,61.0,-4.0,17.0,81.0,289.0,6.0,4.0,77,1
Praying,Kesha,dance pop,6.235482,82.0,2017,73.0,39.0,58.0,-7.0,11.0,32.0,230.0,49.0,3.0,77,1
Despacito - Remix,Luis Fonsi,latin,9.296058,81.0,2017,178.0,82.0,65.0,-4.0,10.0,82.0,229.0,23.0,17.0,76,0
The Greatest,Sia,australian dance,19.105953,91.0,2017,192.0,73.0,67.0,-6.0,6.0,73.0,210.0,1.0,27.0,76,0
There for You,Martin Garrix,big room,14.496326000000002,84.0,2017,106.0,64.0,61.0,-8.0,12.0,13.0,222.0,12.0,6.0,76,0
Paris,The Chainsmokers,electropop,17.62492,86.0,2017,100.0,64.0,65.0,-7.0,9.0,25.0,222.0,2.0,3.0,76,0
Crying in the Club,Camila Cabello,dance pop,20.677702,86.0,2017,85.0,62.0,33.0,-6.0,16.0,60.0,216.0,33.0,38.0,75,1
Mama,Jonas Blue,dance pop,3.1737900000000003,81.0,2017,104.0,79.0,74.0,-4.0,5.0,57.0,184.0,10.0,4.0,75,1
Slide (feat. Frank Ocean & Migos),Calvin Harris,dance pop,21.442367,88.0,2017,104.0,80.0,74.0,-3.0,25.0,51.0,231.0,50.0,5.0,75,1
Swish Swish,Katy Perry,dance pop,17.821796,88.0,2017,120.0,71.0,84.0,-5.0,10.0,57.0,243.0,2.0,4.0,73,1
Chained To The Rhythm,Katy Perry,dance pop,17.821796,88.0,2017,190.0,80.0,45.0,-5.0,20.0,47.0,238.0,8.0,17.0,72,1
Cold (feat. Future),Maroon 5,pop,29.955690999999998,91.0,2017,100.0,72.0,69.0,-6.0,5.0,41.0,234.0,14.0,11.0,72,0
Love,Lana Del Rey,art pop,12.552754,90.0,2017,99.0,37.0,53.0,-11.0,11.0,23.0,273.0,49.0,3.0,72,0
Reggaetón Lento (Remix),CNCO,boy band,7.4961800000000025,80.0,2017,94.0,91.0,53.0,-3.0,10.0,62.0,189.0,15.0,9.0,71,0
All I Ask,Adele,british soul,26.369721999999996,86.0,2017,142.0,28.0,59.0,-5.0,15.0,34.0,272.0,88.0,3.0,71,0
First Time,Kygo,edm,7.304519,87.0,2017,90.0,59.0,63.0,-7.0,10.0,68.0,194.0,20.0,11.0,71,0
The Cure,Lady Gaga,dance pop,16.716518,90.0,2017,100.0,51.0,70.0,-5.0,9.0,52.0,211.0,8.0,3.0,71,1
"How Far I'll Go - From ""Moana""",Alessia Cara,canadian contemporary r&b,8.589906,82.0,2017,181.0,54.0,31.0,-10.0,7.0,16.0,176.0,16.0,35.0,71,0
Bodak Yellow,Cardi B,pop,15.298653,91.0,2017,125.0,72.0,93.0,-6.0,35.0,46.0,224.0,7.0,11.0,70,0
Rich Love (with Seeb),OneRepublic,dance pop,11.507962,85.0,2017,105.0,87.0,40.0,-4.0,36.0,47.0,201.0,17.0,31.0,70,1
Tired,Alan Walker,electro house,27.623263,86.0,2017,124.0,88.0,69.0,-4.0,15.0,49.0,192.0,4.0,6.0,70,0
Came Here for Love,Sigala,dance pop,1.244632,79.0,2017,125.0,87.0,71.0,-3.0,12.0,72.0,203.0,3.0,4.0,70,1
24K Magic,Bruno Mars,pop,29.381078999999996,93.0,2017,107.0,80.0,82.0,-4.0,15.0,63.0,226.0,3.0,8.0,69,0
Strip That Down (feat. Quavo),Liam Payne,dance pop,7.4230589999999985,76.0,2017,106.0,50.0,87.0,-5.0,8.0,55.0,202.0,20.0,5.0,69,1
Cut To The Feeling,Carly Rae Jepsen,canadian pop,4.512754,76.0,2017,115.0,91.0,71.0,-3.0,30.0,65.0,208.0,1.0,6.0,69,0
OK - Spotify Version,Robin Schulz,dance pop,2.6773860000000003,85.0,2017,122.0,81.0,65.0,-6.0,13.0,58.0,189.0,12.0,6.0,69,1
Bon appétit,Katy Perry,dance pop,17.821796,88.0,2017,106.0,79.0,80.0,-6.0,22.0,52.0,228.0,13.0,6.0,68,1
Summer Bummer (feat. A$AP Rocky & Playboi Carti),Lana Del Rey,art pop,12.552754,90.0,2017,135.0,57.0,76.0,-9.0,20.0,14.0,261.0,2.0,13.0,67,0
Get Low (with Liam Payne),Zedd,complextro,5.400656,82.0,2017,108.0,93.0,72.0,-4.0,5.0,54.0,205.0,3.0,5.0,66,0
Kissing Strangers,DNCE,dance pop,3.6440550000000003,72.0,2017,120.0,74.0,77.0,-6.0,9.0,86.0,202.0,5.0,4.0,66,1
Slow Hands,Niall Horan,dance pop,6.9830289999999975,83.0,2017,86.0,42.0,74.0,-7.0,6.0,85.0,188.0,1.0,5.0,64,1
Younger Now,Miley Cyrus,dance pop,14.537891,90.0,2017,122.0,87.0,55.0,-5.0,14.0,33.0,249.0,0.0,6.0,62,1
Body Moves,DNCE,dance pop,3.6440550000000003,72.0,2017,102.0,69.0,65.0,-5.0,4.0,86.0,236.0,0.0,4.0,62,1
Reality (feat. Janieck Devy) - Radio Edit,Lost Frequencies,belgian edm,2.092079,77.0,2017,122.0,64.0,73.0,-7.0,8.0,53.0,158.0,2.0,4.0,59,0
Angel,Fifth Harmony,dance pop,12.370978,76.0,2017,124.0,53.0,74.0,-6.0,35.0,13.0,189.0,0.0,4.0,59,1
Touch (feat. Kid Ink),Little Mix,dance pop,8.853859,85.0,2017,102.0,75.0,64.0,-4.0,49.0,53.0,203.0,4.0,11.0,59,1
We Don't Talk Anymore - DROELOE Remix,Charlie Puth,dance pop,12.666400999999999,83.0,2017,100.0,82.0,70.0,-5.0,45.0,67.0,218.0,49.0,22.0,59,1
Love Incredible (feat. Camila Cabello),Cashmere Cat,downtempo,0.309205,63.0,2017,167.0,50.0,37.0,-9.0,20.0,21.0,180.0,6.0,12.0,59,0
No Vacancy (with Sebastián Yatra),OneRepublic,dance pop,11.507962,85.0,2017,100.0,76.0,69.0,-4.0,14.0,59.0,223.0,8.0,4.0,57,1
Rich Boy,Galantis,big room,3.056855,79.0,2017,110.0,90.0,74.0,-2.0,8.0,65.0,184.0,7.0,5.0,55,0
Lust for Life (with The Weeknd),Lana Del Rey,art pop,12.552754,90.0,2017,100.0,67.0,51.0,-9.0,36.0,27.0,264.0,58.0,6.0,54,0
Greenlight (feat. Flo Rida & LunchMoney Lewis),Pitbull,dance pop,8.302253,87.0,2017,115.0,83.0,70.0,-6.0,36.0,63.0,245.0,28.0,27.0,54,1
Influence,Tove Lo,dance pop,2.704375,81.0,2017,105.0,59.0,77.0,-10.0,11.0,33.0,225.0,10.0,5.0,54,1
Remember I Told You,Nick Jonas,dance pop,7.1842,77.0,2017,113.0,53.0,68.0,-6.0,4.0,84.0,202.0,14.0,28.0,53,1
Messin' Around,Pitbull,dance pop,8.302253,87.0,2017,158.0,81.0,57.0,-5.0,4.0,78.0,223.0,2.0,5.0,51,1
Water Under the Bridge,Adele,british soul,26.369721999999996,86.0,2017,95.0,84.0,60.0,-7.0,11.0,47.0,240.0,2.0,7.0,49,0
Free Me,Sia,australian dance,19.105953,91.0,2017,87.0,46.0,27.0,-4.0,14.0,21.0,286.0,85.0,3.0,44,0
Kissing Strangers - Remix,DNCE,dance pop,3.6440550000000003,72.0,2017,120.0,77.0,76.0,-6.0,8.0,81.0,202.0,8.0,5.0,43,1
A L I E N S,Coldplay,permanent wave,29.455218,90.0,2017,148.0,88.0,43.0,-5.0,21.0,25.0,282.0,0.0,4.0,41,0
One Kiss (with Dua Lipa),Calvin Harris,dance pop,21.442367,88.0,2018,124.0,86.0,79.0,-3.0,8.0,59.0,215.0,4.0,11.0,86,1
Havana (feat. Young Thug),Camila Cabello,dance pop,20.677702,86.0,2018,105.0,52.0,77.0,-4.0,13.0,39.0,217.0,18.0,3.0,85,1
I Like It,Cardi B,pop,15.298653,91.0,2018,136.0,73.0,82.0,-4.0,37.0,65.0,253.0,10.0,13.0,85,0
New Rules,Dua Lipa,dance pop,23.579173,96.0,2018,116.0,70.0,76.0,-6.0,15.0,61.0,209.0,0.0,7.0,84,1
There's Nothing Holdin' Me Back,Shawn Mendes,canadian pop,32.070046000000005,91.0,2018,122.0,81.0,87.0,-4.0,8.0,97.0,199.0,38.0,6.0,84,0
no tears left to cry,Ariana Grande,dance pop,60.010425,97.0,2018,122.0,71.0,70.0,-6.0,29.0,35.0,206.0,4.0,6.0,84,1
IDGAF,Dua Lipa,dance pop,23.579173,96.0,2018,97.0,54.0,84.0,-6.0,8.0,51.0,218.0,4.0,9.0,84,1
In My Blood,Shawn Mendes,canadian pop,32.070046000000005,91.0,2018,140.0,71.0,62.0,-7.0,13.0,49.0,211.0,6.0,7.0,83,0
Wolves,Selena Gomez,dance pop,26.161775,91.0,2018,125.0,80.0,72.0,-5.0,20.0,31.0,198.0,12.0,4.0,83,1
Dusk Till Dawn - Radio Edit,ZAYN,dance pop,15.091428,85.0,2018,180.0,44.0,26.0,-7.0,11.0,10.0,239.0,10.0,4.0,83,1
Attention,Charlie Puth,dance pop,12.666400999999999,83.0,2018,100.0,61.0,78.0,-5.0,13.0,80.0,209.0,11.0,5.0,83,1
Electricity (with Dua Lipa),Silk City,edm,0.065438,69.0,2018,118.0,67.0,59.0,-6.0,34.0,51.0,238.0,1.0,5.0,82,0
Love On The Brain,Rihanna,barbadian pop,41.858636,93.0,2018,172.0,64.0,51.0,-5.0,8.0,38.0,224.0,7.0,5.0,82,0
"Let Me Go (with Alesso, Florida Georgia Line & watt)",Hailee Steinfeld,dance pop,6.617791,79.0,2018,103.0,71.0,66.0,-4.0,8.0,74.0,175.0,3.0,5.0,82,1
Silence,Marshmello,brostep,29.93552,90.0,2018,142.0,76.0,52.0,-3.0,17.0,29.0,181.0,26.0,9.0,82,0
Sorry Not Sorry,Demi Lovato,dance pop,19.291866,87.0,2018,144.0,64.0,71.0,-7.0,26.0,89.0,204.0,2.0,23.0,81,1
Shallow - Radio Edit,Lady Gaga,dance pop,16.716518,90.0,2018,96.0,33.0,57.0,-7.0,9.0,28.0,217.0,42.0,3.0,80,1
These Days,Rudimental,dance pop,1.256618,78.0,2018,92.0,81.0,65.0,-4.0,17.0,55.0,211.0,19.0,5.0,80,1
What Lovers Do (feat. SZA),Maroon 5,pop,29.955690999999998,91.0,2018,110.0,60.0,80.0,-5.0,10.0,42.0,200.0,8.0,6.0,79,0
Finesse - Remix; feat. Cardi B,Bruno Mars,pop,29.381078999999996,93.0,2018,105.0,86.0,70.0,-5.0,2.0,93.0,217.0,2.0,10.0,78,0
Perfect Duet (Ed Sheeran & Beyoncé),Ed Sheeran,pop,77.890588,94.0,2018,95.0,30.0,59.0,-7.0,12.0,36.0,260.0,78.0,3.0,78,0
Bad At Love,Halsey,dance pop,14.352317000000001,90.0,2018,118.0,75.0,68.0,-4.0,9.0,61.0,181.0,6.0,3.0,78,1
Him & I (with Halsey),G-Eazy,hip hop,4.795313,85.0,2018,88.0,73.0,59.0,-6.0,31.0,19.0,269.0,5.0,9.0,78,0
Friends (with BloodPop®),Justin Bieber,canadian pop,43.75545200000001,98.0,2018,105.0,73.0,74.0,-5.0,30.0,62.0,189.0,0.0,4.0,77,0
Wild Thoughts (feat. Rihanna & Bryson Tiller),DJ Khaled,dance pop,5.828279,83.0,2018,98.0,67.0,67.0,-3.0,12.0,63.0,204.0,3.0,7.0,76,1
My My My!,Troye Sivan,dance pop,5.491266,80.0,2018,103.0,46.0,70.0,-8.0,5.0,48.0,205.0,0.0,8.0,76,1
Capital Letters,Hailee Steinfeld,dance pop,6.617791,79.0,2018,100.0,81.0,66.0,-6.0,5.0,46.0,219.0,3.0,8.0,76,1
Sick Boy,The Chainsmokers,electropop,17.62492,86.0,2018,90.0,58.0,66.0,-8.0,12.0,45.0,193.0,11.0,5.0,76,0
Tequila,Dan + Shay,contemporary country,2.152836,81.0,2018,86.0,59.0,47.0,-6.0,13.0,50.0,196.0,3.0,3.0,76,0
Look What You Made Me Do,Taylor Swift,pop,38.00574,98.0,2018,128.0,71.0,77.0,-6.0,13.0,51.0,212.0,20.0,12.0,75,0
Youth (feat. Khalid),Shawn Mendes,canadian pop,32.070046000000005,91.0,2018,100.0,60.0,53.0,-7.0,13.0,32.0,191.0,56.0,12.0,75,0
Bad Liar,Selena Gomez,dance pop,26.161775,91.0,2018,121.0,41.0,97.0,-6.0,8.0,73.0,215.0,19.0,7.0,75,1
Anywhere,Rita Ora,dance pop,6.478575,80.0,2018,107.0,80.0,63.0,-4.0,10.0,32.0,215.0,4.0,6.0,74,1
Say Something,Justin Timberlake,dance pop,10.515901,85.0,2018,97.0,63.0,71.0,-7.0,8.0,37.0,279.0,10.0,8.0,74,1
Chun-Li,Nicki Minaj,dance pop,20.733813,91.0,2018,129.0,73.0,69.0,-5.0,11.0,48.0,192.0,28.0,37.0,73,1
Sign of the Times,Harry Styles,dance pop,13.543091,91.0,2018,120.0,57.0,52.0,-5.0,11.0,21.0,341.0,3.0,3.0,72,1
Familiar,Liam Payne,dance pop,7.4230589999999985,76.0,2018,93.0,81.0,64.0,-5.0,8.0,91.0,197.0,2.0,33.0,72,1
Let Me,ZAYN,dance pop,15.091428,85.0,2018,168.0,57.0,46.0,-6.0,10.0,19.0,185.0,24.0,5.0,72,1
Supernova,Ansel Elgort,dance pop,0.739741,59.0,2018,140.0,62.0,77.0,-5.0,21.0,68.0,191.0,6.0,10.0,72,1
Nervous,Shawn Mendes,canadian pop,32.070046000000005,91.0,2018,122.0,62.0,84.0,-7.0,13.0,74.0,164.0,4.0,8.0,71,0
First Time,Kygo,edm,7.304519,87.0,2018,90.0,59.0,63.0,-7.0,10.0,68.0,194.0,20.0,11.0,71,0
End Game,Taylor Swift,pop,38.00574,98.0,2018,159.0,59.0,65.0,-6.0,11.0,15.0,245.0,1.0,6.0,70,0
Mi Gente (feat. Beyoncé),J Balvin,latin,26.89415300000001,96.0,2018,105.0,72.0,76.0,-6.0,23.0,47.0,210.0,2.0,8.0,68,0
Lemon,N.E.R.D,hip hop,0.6508550000000001,64.0,2018,95.0,73.0,92.0,-7.0,12.0,20.0,220.0,0.0,9.0,68,0
For You (With Rita Ora),Liam Payne,dance pop,7.4230589999999985,76.0,2018,113.0,80.0,54.0,-5.0,42.0,18.0,243.0,2.0,3.0,67,1
Want To,Dua Lipa,dance pop,23.579173,96.0,2018,92.0,69.0,57.0,-5.0,6.0,32.0,212.0,8.0,12.0,67,1
What I Need (feat. Kehlani),Hayley Kiyoko,dance pop,1.3860700000000001,67.0,2018,104.0,79.0,63.0,-4.0,16.0,41.0,220.0,5.0,6.0,67,1
Wait,Maroon 5,pop,29.955690999999998,91.0,2018,126.0,60.0,66.0,-5.0,11.0,45.0,191.0,10.0,6.0,67,0
What About Us,P!nk,dance pop,10.558136,86.0,2018,114.0,59.0,39.0,-6.0,9.0,19.0,272.0,3.0,6.0,66,1
Kissing Strangers,DNCE,dance pop,3.6440550000000003,72.0,2018,120.0,74.0,77.0,-6.0,9.0,86.0,202.0,5.0,4.0,66,1
2U (feat. Justin Bieber),David Guetta,dance pop,22.306494,91.0,2018,145.0,61.0,53.0,-7.0,23.0,53.0,195.0,23.0,6.0,65,1
Walk On Water (feat. Beyoncé),Eminem,detroit hip hop,42.79582,95.0,2018,82.0,44.0,48.0,-10.0,64.0,62.0,304.0,81.0,24.0,65,0
This Town,Niall Horan,dance pop,6.9830289999999975,83.0,2018,112.0,41.0,68.0,-8.0,12.0,20.0,233.0,70.0,3.0,64,1
"Girls (feat. Cardi B, Bebe Rexha & Charli XCX)",Rita Ora,dance pop,6.478575,80.0,2018,94.0,69.0,73.0,-4.0,10.0,42.0,221.0,2.0,5.0,64,1
MOVE TO MIAMI,Enrique Iglesias,dance pop,9.980979,81.0,2018,100.0,87.0,76.0,-4.0,7.0,90.0,169.0,3.0,5.0,64,1
Miss You (with Major Lazer & Tory Lanez),Cashmere Cat,downtempo,0.309205,63.0,2018,100.0,64.0,75.0,-5.0,11.0,45.0,186.0,25.0,9.0,64,0
Filthy,Justin Timberlake,dance pop,10.515901,85.0,2018,97.0,58.0,75.0,-6.0,25.0,65.0,294.0,4.0,14.0,62,1
Never Be the Same - Radio Edit,Camila Cabello,dance pop,20.677702,86.0,2018,130.0,69.0,63.0,-4.0,12.0,25.0,227.0,16.0,9.0,57,1
Ferrari,Bebe Rexha,dance pop,6.2235629999999995,85.0,2018,77.0,48.0,58.0,-6.0,10.0,42.0,213.0,2.0,3.0,57,1
Supplies,Justin Timberlake,dance pop,10.515901,85.0,2018,120.0,55.0,79.0,-7.0,13.0,23.0,226.0,1.0,5.0,57,1
Boom Boom,RedOne,moroccan pop,0.044695,53.0,2018,110.0,76.0,75.0,-8.0,20.0,58.0,248.0,0.0,5.0,53,0
...Ready For It? - BloodPop® Remix,Taylor Swift,pop,38.00574,98.0,2018,160.0,84.0,58.0,-5.0,10.0,50.0,190.0,13.0,22.0,52,0
Drip (feat. Migos),Cardi B,pop,15.298653,91.0,2018,130.0,59.0,97.0,-8.0,8.0,27.0,264.0,5.0,26.0,45,0
Tell Me You Love Me - NOTD Remix,Demi Lovato,dance pop,19.291866,87.0,2018,102.0,77.0,58.0,-5.0,9.0,76.0,182.0,5.0,8.0,44,1
Memories,Maroon 5,pop,29.955690999999998,91.0,2019,91.0,32.0,76.0,-7.0,8.0,57.0,189.0,84.0,5.0,99,0
Lose You To Love Me,Selena Gomez,dance pop,26.161775,91.0,2019,102.0,34.0,51.0,-9.0,21.0,9.0,206.0,58.0,4.0,97,1
Someone You Loved,Lewis Capaldi,pop,7.3179240000000005,87.0,2019,110.0,41.0,50.0,-6.0,11.0,45.0,182.0,75.0,3.0,96,0
Señorita,Shawn Mendes,canadian pop,32.070046000000005,91.0,2019,117.0,54.0,76.0,-6.0,9.0,75.0,191.0,4.0,3.0,95,0
How Do You Sleep?,Sam Smith,pop,15.89189,89.0,2019,111.0,68.0,48.0,-5.0,8.0,35.0,202.0,15.0,9.0,93,0
South of the Border (feat. Camila Cabello & Cardi B),Ed Sheeran,pop,77.890588,94.0,2019,98.0,62.0,86.0,-6.0,9.0,67.0,204.0,15.0,8.0,92,0
Trampoline (with ZAYN),SHAED,electropop,0.12805,70.0,2019,127.0,46.0,62.0,-6.0,14.0,50.0,184.0,56.0,3.0,92,0
Happier,Marshmello,brostep,29.93552,90.0,2019,100.0,79.0,69.0,-3.0,17.0,67.0,214.0,19.0,5.0,90,0
Truth Hurts,Lizzo,escape room,3.707457,79.0,2019,158.0,62.0,72.0,-3.0,12.0,41.0,173.0,11.0,11.0,90,0
Good as Hell (feat. Ariana Grande) - Remix,Lizzo,escape room,3.707457,79.0,2019,96.0,89.0,67.0,-3.0,74.0,48.0,159.0,30.0,6.0,90,0
Higher Love,Kygo,edm,7.304519,87.0,2019,104.0,68.0,69.0,-7.0,10.0,40.0,228.0,2.0,3.0,88,0
Only Human,Jonas Brothers,boy band,5.067963,81.0,2019,94.0,50.0,80.0,-6.0,6.0,87.0,183.0,11.0,7.0,87,0
Beautiful People (feat. Khalid),Ed Sheeran,pop,77.890588,94.0,2019,93.0,65.0,64.0,-8.0,8.0,55.0,198.0,12.0,19.0,86,0
Sucker,Jonas Brothers,boy band,5.067963,81.0,2019,138.0,73.0,84.0,-5.0,11.0,95.0,181.0,4.0,6.0,86,0
Don't Call Me Up,Mabel,dance pop,1.23117,80.0,2019,99.0,88.0,67.0,-3.0,8.0,23.0,178.0,30.0,15.0,86,1
I Don't Care (with Justin Bieber),Ed Sheeran,pop,77.890588,94.0,2019,102.0,68.0,80.0,-5.0,9.0,84.0,220.0,9.0,4.0,85,0
Talk (feat. Disclosure),Khalid,alternative r&b,13.613187,93.0,2019,136.0,40.0,90.0,-9.0,6.0,35.0,198.0,5.0,13.0,84,0
Giant (with Rag'n'Bone Man),Calvin Harris,dance pop,21.442367,88.0,2019,122.0,89.0,81.0,-4.0,8.0,61.0,229.0,2.0,4.0,84,1
Takeaway,The Chainsmokers,electropop,17.62492,86.0,2019,100.0,51.0,53.0,-8.0,10.0,35.0,210.0,13.0,3.0,83,0
All Around The World (La La La),R3HAB,big room,2.157515,83.0,2019,125.0,86.0,73.0,-5.0,11.0,52.0,148.0,48.0,3.0,82,0
Girls Like You (feat. Cardi B),Maroon 5,pop,29.955690999999998,91.0,2019,125.0,54.0,85.0,-7.0,13.0,45.0,236.0,57.0,5.0,81,0
Call You Mine,The Chainsmokers,electropop,17.62492,86.0,2019,104.0,70.0,59.0,-6.0,34.0,52.0,218.0,20.0,3.0,81,0
No Guidance (feat. Drake),Chris Brown,dance pop,13.353299,91.0,2019,93.0,45.0,70.0,-7.0,16.0,14.0,261.0,12.0,15.0,81,1
Antisocial (with Travis Scott),Ed Sheeran,pop,77.890588,94.0,2019,152.0,82.0,72.0,-5.0,36.0,91.0,162.0,13.0,5.0,78,0
"Taki Taki (feat. Selena Gomez, Ozuna & Cardi B)",DJ Snake,electronic trap,7.285783,84.0,2019,96.0,80.0,84.0,-4.0,6.0,62.0,213.0,16.0,23.0,77,0
Con Calma - Remix,Daddy Yankee,latin,22.563709,92.0,2019,94.0,87.0,74.0,-3.0,4.0,61.0,181.0,17.0,5.0,76,0
Find U Again (feat. Camila Cabello),Mark Ronson,dance pop,0.8966729999999999,81.0,2019,104.0,66.0,61.0,-7.0,20.0,16.0,176.0,1.0,3.0,75,1
Cross Me (feat. Chance the Rapper & PnB Rock),Ed Sheeran,pop,77.890588,94.0,2019,95.0,79.0,75.0,-6.0,7.0,61.0,206.0,21.0,12.0,75,0
"No Brainer (feat. Justin Bieber, Chance the Rapper & Quavo)",DJ Khaled,dance pop,5.828279,83.0,2019,136.0,76.0,53.0,-5.0,9.0,65.0,260.0,7.0,34.0,70,1
Nothing Breaks Like a Heart (feat. Miley Cyrus),Mark Ronson,dance pop,0.8966729999999999,81.0,2019,114.0,79.0,60.0,-6.0,42.0,24.0,217.0,1.0,7.0,69,1
Kills You Slowly,The Chainsmokers,electropop,17.62492,86.0,2019,150.0,44.0,70.0,-9.0,13.0,23.0,213.0,6.0,6.0,67,0
Blinding Lights,The Weeknd,canadian contemporary r&b,30.336501000000002,98.0,2020,171.005,73.0,51.4,-5.934,8.97,33.4,200.04,0.14599999999999996,5.9799999999999995,96,0
Dance Monkey,Tones And I,australian pop,2.671415,82.0,2020,98.078,59.3,82.5,-6.401,17.0,54.0,209.755,68.79999999999998,9.879999999999999,69,0
The Box,Roddy Ricch,melodic rap,5.800832,89.0,2020,116.971,58.6,89.6,-6.687,79.0,64.2,196.653,10.4,5.59,88,0
Roses - Imanbek Remix,SAINt JHN,melodic rap,0.677917,82.0,2020,121.962,72.1,78.5,-5.4570000000000025,28.5,89.4,176.21900000000005,1.49,5.0600000000000005,67,0
Don't Start Now,Dua Lipa,dance pop,23.579173,96.0,2020,123.95,79.3,79.3,-4.521,9.51,67.9,183.29,1.2300000000000002,8.3,84,1
ROCKSTAR (feat. Roddy Ricch),DaBaby,north carolina hip hop,6.215669,94.0,2020,89.977,69.0,74.6,-7.956,10.1,49.70000000000001,181.733,24.700000000000003,16.4,91,0
Watermelon Sugar,Harry Styles,pop,13.543091,91.0,2020,95.39,81.6,54.79999999999999,-4.209,33.5,55.7,174.0,12.2,4.65,91,0
death bed (coffee for your head),Powfu,emo rap,0.827285,81.0,2020,144.026,43.1,72.6,-8.765,69.6,34.8,173.333,73.1,13.5,89,0
Falling,Trevor Daniel,alternative r&b,0.588642,78.0,2020,127.087,43.0,78.4,-8.756,8.870000000000003,23.6,159.382,12.300000000000002,3.6399999999999997,78,0
Someone You Loved,Lewis Capaldi,pop,7.3179240000000005,87.0,2020,109.891,40.5,50.1,-5.6789999999999985,10.5,44.6,182.161,75.1,3.1899999999999995,90,0
Tusa,KAROL G,latin,15.520732999999998,89.0,2020,101.085,71.5,80.3,-3.28,5.74,57.4,200.96,29.5,29.8,86,0
ROXANNE,Arizona Zervas,pop rap,0.5887180000000001,77.0,2020,116.735,60.1,62.1,-5.6160000000000005,46.0,45.7,163.636,5.220000000000001,14.800000000000002,85,0
Circles,Post Malone,dfw rap,31.803755,94.0,2020,120.042,76.2,69.5,-3.497,8.63,55.3,215.28,19.2,3.95,89,0
Blueberry Faygo,Lil Mosey,melodic rap,3.464437,83.0,2020,99.034,55.39999999999999,77.4,-7.909,13.2,34.9,162.547,20.7,3.8299999999999996,82,0
Intentions (feat. Quavo),Justin Bieber,canadian pop,43.75545200000001,98.0,2020,147.986,54.6,80.6,-6.6370000000000005,10.2,87.4,212.867,30.0,5.750000000000001,81,0
Toosie Slide,Drake,canadian hip hop,53.806406,100.0,2020,81.604,49.0,83.0,-8.82,11.3,84.5,247.05900000000003,28.900000000000002,20.9,77,0
Before You Go,Lewis Capaldi,pop,7.3179240000000005,87.0,2020,111.881,57.49999999999999,45.9,-4.8580000000000005,8.85,18.3,215.107,60.4,5.7299999999999995,85,0
Say So,Doja Cat,dance pop,5.842296,92.0,2020,110.962,67.3,78.7,-4.577,9.04,78.6,237.893,25.6,15.8,85,1
Memories,Maroon 5,pop,29.955690999999998,91.0,2020,91.019,32.0,76.4,-7.209,8.219999999999999,57.49999999999999,189.486,83.70000000000002,5.460000000000001,88,0
Life Is Good (feat. Drake),Future,atl hip hop,10.010064,91.0,2020,142.053,57.4,79.5,-6.903,15.0,53.7,237.918,6.7,48.7,77,0
Savage Love (Laxed - Siren Beat),Jawsh 685,nz pop,0.084888,78.0,2020,150.076,48.1,76.7,-8.52,26.899999999999995,76.1,171.375,23.4,8.03,87,0
Adore You,Harry Styles,pop,13.543091,91.0,2020,99.048,77.1,67.6,-3.675,10.2,56.89999999999999,207.133,2.37,4.83,87,0
Breaking Me,Topic,dance pop,0.131681,84.0,2020,122.031,72.0,78.9,-5.652,12.9,66.4,166.794,22.3,21.8,88,1
Mood (feat. iann dior),24kGoldn,cali rap,0.87792,88.0,2020,90.989,72.2,70.0,-3.5580000000000003,27.200000000000006,75.6,140.526,22.1,3.69,95,0
everything i wanted,Billie Eilish,electropop,40.940273,94.0,2020,120.006,22.5,70.4,-14.454,10.6,24.3,245.426,90.19999999999999,9.940000000000001,86,0
Señorita,Shawn Mendes,canadian pop,32.070046000000005,91.0,2020,116.967,54.79999999999999,75.9,-6.049,8.28,74.9,190.8,3.92,2.9,82,0
bad guy,Billie Eilish,electropop,40.940273,94.0,2020,135.128,42.5,70.1,-10.965,10.0,56.2,194.088,32.8,37.5,88,0
WAP (feat. Megan Thee Stallion),Cardi B,dance pop,15.298653,91.0,2020,133.07299999999998,45.4,93.5,-7.508999999999999,8.24,35.7,187.541,1.9399999999999997,37.5,90,1
Sunday Best,Surfaces,bedroom soul,0.66718,77.0,2020,112.022,52.5,87.8,-6.8320000000000025,7.1400000000000015,69.4,158.571,18.3,5.779999999999999,83,0
Godzilla (feat. Juice WRLD),Eminem,detroit hip hop,42.79582,95.0,2020,165.995,74.5,80.8,-5.26,29.2,82.9,210.8,14.5,34.2,86,0
Yummy,Justin Bieber,canadian pop,43.75545200000001,98.0,2020,145.842,50.6,67.6,-6.652,11.8,49.70000000000001,208.52,34.5,9.58,75,0
Break My Heart,Dua Lipa,dance pop,23.579173,96.0,2020,113.013,72.9,73.0,-3.434,34.9,46.7,221.82,16.7,8.83,84,1
Dynamite,BTS,k-pop,30.655229,97.0,2020,114.044,76.5,74.6,-4.41,9.36,73.7,199.054,1.1199999999999999,9.93,83,0
Supalonely (feat. Gus Dapperton),BENEE,alt z,0.5982970000000001,76.0,2020,128.97799999999998,63.1,86.2,-4.746,12.3,84.1,223.488,29.1,5.15,66,0
ily (i love you baby) (feat. Emilee),Surf Mesa,tropical house,0.121136,75.0,2020,112.05,77.4,67.4,-7.567,39.3,33.0,176.547,6.859999999999999,8.92,85,0
Rain On Me (with Ariana Grande),Lady Gaga,dance pop,16.716518,90.0,2020,123.056,85.5,67.2,-3.764,32.3,64.6,182.2,2.1,3.97,80,1
HIGHEST IN THE ROOM,Travis Scott,rap,15.762151000000001,95.0,2020,76.469,42.70000000000001,59.8,-8.764,21.0,6.05,175.72099999999998,5.460000000000001,3.17,87,0
Sunflower - Spider-Man: Into the Spider-Verse,Post Malone,dfw rap,31.803755,94.0,2020,89.96,52.2,75.5,-4.368,6.8500000000000005,92.5,157.56,53.29999999999999,5.750000000000001,82,0
Hawái,Maluma,reggaeton,24.656159,92.0,2020,180.067,72.7,78.3,-3.454,6.260000000000002,55.8,199.112,18.5,38.9,85,0
Ride It,Regard,edm,0.122849,79.0,2020,117.948,75.1,88.0,-4.258,10.6,88.4,157.606,17.7,8.740000000000002,86,0
goosebumps,Travis Scott,rap,15.762151000000001,95.0,2020,130.049,72.8,84.1,-3.37,14.9,43.0,243.837,8.469999999999999,4.84,88,0
RITMO (Bad Boys For Life),Black Eyed Peas,dance pop,5.49953,88.0,2020,105.095,70.4,72.3,-7.087999999999999,79.2,68.4,214.935,2.59,5.710000000000001,50,1
THE SCOTTS,THE SCOTTS,rap,0.174482,71.0,2020,129.97899999999998,53.7,71.6,-7.648,15.7,28.000000000000004,165.97799999999995,23.3,5.140000000000001,84,0
Safaera,Bad Bunny,latin,31.412713,99.0,2020,96.172,82.9,60.7,-4.074,10.7,68.5,295.177,1.03,37.9,83,0
lovely (with Khalid),Billie Eilish,electropop,40.940273,94.0,2020,115.284,29.600000000000005,35.1,-10.109,9.5,12.0,200.186,93.4,3.3299999999999996,89,0
Lucid Dreams,Juice WRLD,chicago rap,16.589315,98.0,2020,83.90299999999998,56.60000000000001,51.1,-7.23,34.0,21.8,239.836,34.900000000000006,20.0,88,0
Stuck with U (with Justin Bieber),Ariana Grande,dance pop,60.010425,97.0,2020,178.765,45.0,59.7,-6.658,38.2,53.7,228.482,22.3,4.18,86,1
If the World Was Ending - feat. Julia Michaels,JP Saxe,alt z,0.23219499999999998,78.0,2020,75.801,47.3,46.4,-10.086,10.9,60.4,208.687,86.6,12.9,86,0
Physical,Dua Lipa,dance pop,23.579173,96.0,2020,146.967,84.4,64.7,-3.756,10.2,74.6,193.829,1.3699999999999999,4.57,79,1
SICKO MODE,Travis Scott,rap,15.762151000000001,95.0,2020,155.00799999999995,73.0,83.4,-3.714,12.4,44.6,312.82,0.513,22.200000000000003,86,0
